segment,indicators,year,value
Всего,"M - Уровень занятости  к трудоспособному населению, %",2001,72.3
Всего,"M - Уровень занятости  к трудоспособному населению, %",2002,73.5
Всего,"M - Уровень занятости  к трудоспособному населению, %",2003,73.1
Всего,"M - Уровень занятости  к трудоспособному населению, %",2004,73.1
Всего,"M - Уровень занятости  к трудоспособному населению, %",2005,72.9
Всего,"M - Уровень занятости  к трудоспособному населению, %",2006,73.5
Всего,"M - Уровень занятости  к трудоспособному населению, %",2007,74.4
Всего,"M - Уровень занятости  к трудоспособному населению, %",2008,75.6
Всего,"M - Уровень занятости  к трудоспособному населению, %",2009,75.4
Всего,"M - Уровень занятости  к трудоспособному населению, %",2010,76.7
Всего,"M - Уровень занятости  к трудоспособному населению, %",2011,77
Всего,"M - Уровень занятости  к трудоспособному населению, %",2012,77.3
Всего,"M - Уровень занятости  к трудоспособному населению, %",2013,77.4
Всего,"M - Уровень занятости  к трудоспособному населению, %",2014,77.4
Всего,"M - Уровень занятости  к трудоспособному населению, %",2015,77.9
Всего,"M - Уровень занятости  к трудоспособному населению, %",2016,77.6
Всего,"M - Уровень занятости  к трудоспособному населению, %",2017,77.6
Всего,"M - Уровень занятости  к трудоспособному населению, %",2018,"78,8*"
Всего,"M - Уровень занятости  к трудоспособному населению, %",2019,79.1
Всего,"M - Уровень занятости  к трудоспособному населению, %",2020,77.8
Мужчины,"M - Уровень занятости  к трудоспособному населению, %",2001,75.7
Мужчины,"M - Уровень занятости  к трудоспособному населению, %",2002,77.3
Мужчины,"M - Уровень занятости  к трудоспособному населению, %",2003,76.9
Мужчины,"M - Уровень занятости  к трудоспособному населению, %",2004,77
Мужчины,"M - Уровень занятости  к трудоспособному населению, %",2005,77.1
Мужчины,"M - Уровень занятости  к трудоспособному населению, %",2006,77
Мужчины,"M - Уровень занятости  к трудоспособному населению, %",2007,77.9
Мужчины,"M - Уровень занятости  к трудоспособному населению, %",2008,78.7
Мужчины,"M - Уровень занятости  к трудоспособному населению, %",2009,78.4
Мужчины,"M - Уровень занятости  к трудоспособному населению, %",2010,79.8
Мужчины,"M - Уровень занятости  к трудоспособному населению, %",2011,80
Мужчины,"M - Уровень занятости  к трудоспособному населению, %",2012,80.7
Мужчины,"M - Уровень занятости  к трудоспособному населению, %",2013,80.3
Мужчины,"M - Уровень занятости  к трудоспособному населению, %",2014,80.9
Мужчины,"M - Уровень занятости  к трудоспособному населению, %",2015,81.2
Мужчины,"M - Уровень занятости  к трудоспособному населению, %",2016,81.3
Мужчины,"M - Уровень занятости  к трудоспособному населению, %",2017,81.3
Мужчины,"M - Уровень занятости  к трудоспособному населению, %",2018,81.6
Мужчины,"M - Уровень занятости  к трудоспособному населению, %",2019,82.3
Мужчины,"M - Уровень занятости  к трудоспособному населению, %",2020,77.8
Женщины,"M - Уровень занятости  к трудоспособному населению, %",2001,68.8
Женщины,"M - Уровень занятости  к трудоспособному населению, %",2002,69.6
Женщины,"M - Уровень занятости  к трудоспособному населению, %",2003,69.3
Женщины,"M - Уровень занятости  к трудоспособному населению, %",2004,69.2
Женщины,"M - Уровень занятости  к трудоспособному населению, %",2005,68.9
Женщины,"M - Уровень занятости  к трудоспособному населению, %",2006,70
Женщины,"M - Уровень занятости  к трудоспособному населению, %",2007,71
Женщины,"M - Уровень занятости  к трудоспособному населению, %",2008,72.5
Женщины,"M - Уровень занятости  к трудоспособному населению, %",2009,72.5
Женщины,"M - Уровень занятости  к трудоспособному населению, %",2010,73.5
Женщины,"M - Уровень занятости  к трудоспособному населению, %",2011,73.9
Женщины,"M - Уровень занятости  к трудоспособному населению, %",2012,73.9
Женщины,"M - Уровень занятости  к трудоспособному населению, %",2013,74.6
Женщины,"M - Уровень занятости  к трудоспособному населению, %",2014,74
Женщины,"M - Уровень занятости  к трудоспособному населению, %",2015,74.6
Женщины,"M - Уровень занятости  к трудоспособному населению, %",2016,73.9
Женщины,"M - Уровень занятости  к трудоспособному населению, %",2017,74.2
Женщины,"M - Уровень занятости  к трудоспособному населению, %",2018,"75,9*"
Женщины,"M - Уровень занятости  к трудоспособному населению, %",2019,76
Женщины,"M - Уровень занятости  к трудоспособному населению, %",2020,81.4
Всего,"M - Уровень безработицы к трудоспособному населению, %",2001,10.8
Всего,"M - Уровень безработицы к трудоспособному населению, %",2002,9.7
Всего,"M - Уровень безработицы к трудоспособному населению, %",2003,9
Всего,"M - Уровень безработицы к трудоспособному населению, %",2004,8.6
Всего,"M - Уровень безработицы к трудоспособному населению, %",2005,8.2
Всего,"M - Уровень безработицы к трудоспособному населению, %",2006,7.9
Всего,"M - Уровень безработицы к трудоспособному населению, %",2007,7.4
Всего,"M - Уровень безработицы к трудоспособному населению, %",2008,6.7
Всего,"M - Уровень безработицы к трудоспособному населению, %",2009,6.7
Всего,"M - Уровень безработицы к трудоспособному населению, %",2010,5.8
Всего,"M - Уровень безработицы к трудоспособному населению, %",2011,5.4
Всего,"M - Уровень безработицы к трудоспособному населению, %",2012,5.4
Всего,"M - Уровень безработицы к трудоспособному населению, %",2013,5.3
Всего,"M - Уровень безработицы к трудоспособному населению, %",2014,5.1
Всего,"M - Уровень безработицы к трудоспособному населению, %",2015,5.1
Всего,"M - Уровень безработицы к трудоспособному населению, %",2016,5
Всего,"M - Уровень безработицы к трудоспособному населению, %",2017,5
Всего,"M - Уровень безработицы к трудоспособному населению, %",2018,"4,9*"
Всего,"M - Уровень безработицы к трудоспособному населению, %",2019,"4,8*"
Всего,"M - Уровень безработицы к трудоспособному населению, %",2020,"4,9*"
Мужчины,"M - Уровень безработицы к трудоспособному населению, %",2001,9
Мужчины,"M - Уровень безработицы к трудоспособному населению, %",2002,7.7
Мужчины,"M - Уровень безработицы к трудоспособному населению, %",2003,7.4
Мужчины,"M - Уровень безработицы к трудоспособному населению, %",2004,7.1
Мужчины,"M - Уровень безработицы к трудоспособному населению, %",2005,6.8
Мужчины,"M - Уровень безработицы к трудоспособному населению, %",2006,6.6
Мужчины,"M - Уровень безработицы к трудоспособному населению, %",2007,5.9
Мужчины,"M - Уровень безработицы к трудоспособному населению, %",2008,5.4
Мужчины,"M - Уровень безработицы к трудоспособному населению, %",2009,5.7
Мужчины,"M - Уровень безработицы к трудоспособному населению, %",2010,5
Мужчины,"M - Уровень безработицы к трудоспособному населению, %",2011,4.6
Мужчины,"M - Уровень безработицы к трудоспособному населению, %",2012,4.2
Мужчины,"M - Уровень безработицы к трудоспособному населению, %",2013,4.6
Мужчины,"M - Уровень безработицы к трудоспособному населению, %",2014,4.3
Мужчины,"M - Уровень безработицы к трудоспособному населению, %",2015,4.3
Мужчины,"M - Уровень безработицы к трудоспособному населению, %",2016,4.4
Мужчины,"M - Уровень безработицы к трудоспособному населению, %",2017,4.4
Мужчины,"M - Уровень безработицы к трудоспособному населению, %",2018,4.4
Мужчины,"M - Уровень безработицы к трудоспособному населению, %",2019,4.3
Мужчины,"M - Уровень безработицы к трудоспособному населению, %",2020,4.5
Женщины,"M - Уровень безработицы к трудоспособному населению, %",2001,12.6
Женщины,"M - Уровень безработицы к трудоспособному населению, %",2002,11.8
Женщины,"M - Уровень безработицы к трудоспособному населению, %",2003,10.8
Женщины,"M - Уровень безработицы к трудоспособному населению, %",2004,10.1
Женщины,"M - Уровень безработицы к трудоспособному населению, %",2005,9.8
Женщины,"M - Уровень безработицы к трудоспособному населению, %",2006,9.3
Женщины,"M - Уровень безработицы к трудоспособному населению, %",2007,8.9
Женщины,"M - Уровень безработицы к трудоспособному населению, %",2008,8
Женщины,"M - Уровень безработицы к трудоспособному населению, %",2009,7.7
Женщины,"M - Уровень безработицы к трудоспособному населению, %",2010,6.7
Женщины,"M - Уровень безработицы к трудоспособному населению, %",2011,6.3
Женщины,"M - Уровень безработицы к трудоспособному населению, %",2012,6.7
Женщины,"M - Уровень безработицы к трудоспособному населению, %",2013,6
Женщины,"M - Уровень безработицы к трудоспособному населению, %",2014,6
Женщины,"M - Уровень безработицы к трудоспособному населению, %",2015,5.9
Женщины,"M - Уровень безработицы к трудоспособному населению, %",2016,5.7
Женщины,"M - Уровень безработицы к трудоспособному населению, %",2017,5.6
Женщины,"M - Уровень безработицы к трудоспособному населению, %",2018,"5,4*"
Женщины,"M - Уровень безработицы к трудоспособному населению, %",2019,"5,3*"
Женщины,"M - Уровень безработицы к трудоспособному населению, %",2020,"5,4*"
Всего,"M - Доля молодежи (15-28 лет), % - NEET",2001,18.6024601687657
Всего,"M - Доля молодежи (15-28 лет), % - NEET",2002,14.8788181375766
Всего,"M - Доля молодежи (15-28 лет), % - NEET",2003,13.5331380812915
Всего,"M - Доля молодежи (15-28 лет), % - NEET",2004,13.2435214765568
Всего,"M - Доля молодежи (15-28 лет), % - NEET",2005,12.8128445672632
Всего,"M - Доля молодежи (15-28 лет), % - NEET",2006,12.5020273184909
Всего,"M - Доля молодежи (15-28 лет), % - NEET",2007,10.7316725332711
Всего,"M - Доля молодежи (15-28 лет), % - NEET",2008,9.71010250107142
Всего,"M - Доля молодежи (15-28 лет), % - NEET",2009,9.5460436375849
Всего,"M - Доля молодежи (15-28 лет), % - NEET",2010,8.19791210592288
Всего,"M - Доля молодежи (15-28 лет), % - NEET",2011,7.80016166217506
Всего,"M - Доля молодежи (15-28 лет), % - NEET",2012,8.02620179406094
Всего,"M - Доля молодежи (15-28 лет), % - NEET",2013,8.0214313185522
Всего,"M - Доля молодежи (15-28 лет), % - NEET",2014,8.76338207768199
Всего,"M - Доля молодежи (15-28 лет), % - NEET",2015,8.46409488488535
Всего,"M - Доля молодежи (15-28 лет), % - NEET",2016,9.2
Всего,"M - Доля молодежи (15-28 лет), % - NEET",2017,8.7
Всего,"M - Доля молодежи (15-28 лет), % - NEET",2018,7.9
Всего,"M - Доля молодежи (15-28 лет), % - NEET",2019,7.4
Всего,"M - Доля молодежи (15-28 лет), % - NEET",2020,7.1
Мужчины,"M - Доля молодежи (15-28 лет), % - NEET",2001,15.0983594869519
Мужчины,"M - Доля молодежи (15-28 лет), % - NEET",2002,11.5637032574864
Мужчины,"M - Доля молодежи (15-28 лет), % - NEET",2003,10.4614821984865
Мужчины,"M - Доля молодежи (15-28 лет), % - NEET",2004,10.5292806790839
Мужчины,"M - Доля молодежи (15-28 лет), % - NEET",2005,9.76225216454177
Мужчины,"M - Доля молодежи (15-28 лет), % - NEET",2006,9.82882157700433
Мужчины,"M - Доля молодежи (15-28 лет), % - NEET",2007,8.43104897811882
Мужчины,"M - Доля молодежи (15-28 лет), % - NEET",2008,7.56303869073431
Мужчины,"M - Доля молодежи (15-28 лет), % - NEET",2009,6.99040695762868
Мужчины,"M - Доля молодежи (15-28 лет), % - NEET",2010,6.25716476491979
Мужчины,"M - Доля молодежи (15-28 лет), % - NEET",2011,5.75188782757876
Мужчины,"M - Доля молодежи (15-28 лет), % - NEET",2012,5.99415931059991
Мужчины,"M - Доля молодежи (15-28 лет), % - NEET",2013,6.60570015132701
Мужчины,"M - Доля молодежи (15-28 лет), % - NEET",2014,5.87367965037014
Мужчины,"M - Доля молодежи (15-28 лет), % - NEET",2015,5.72914858615821
Мужчины,"M - Доля молодежи (15-28 лет), % - NEET",2016,6.1
Мужчины,"M - Доля молодежи (15-28 лет), % - NEET",2017,5.9
Мужчины,"M - Доля молодежи (15-28 лет), % - NEET",2018,5.9
Мужчины,"M - Доля молодежи (15-28 лет), % - NEET",2019,4.8
Мужчины,"M - Доля молодежи (15-28 лет), % - NEET",2020,4.8
Женщины,"M - Доля молодежи (15-28 лет), % - NEET",2001,22.1761926847099
Женщины,"M - Доля молодежи (15-28 лет), % - NEET",2002,18.3111393403128
Женщины,"M - Доля молодежи (15-28 лет), % - NEET",2003,16.7427329037943
Женщины,"M - Доля молодежи (15-28 лет), % - NEET",2004,16.0691730747418
Женщины,"M - Доля молодежи (15-28 лет), % - NEET",2005,16.0362525983988
Женщины,"M - Доля молодежи (15-28 лет), % - NEET",2006,15.2989841198813
Женщины,"M - Доля молодежи (15-28 лет), % - NEET",2007,13.1691611658096
Женщины,"M - Доля молодежи (15-28 лет), % - NEET",2008,11.9730614966551
Женщины,"M - Доля молодежи (15-28 лет), % - NEET",2009,12.2390751824219
Женщины,"M - Доля молодежи (15-28 лет), % - NEET",2010,10.1920178725768
Женщины,"M - Доля молодежи (15-28 лет), % - NEET",2011,9.89175779704445
Женщины,"M - Доля молодежи (15-28 лет), % - NEET",2012,10.0888216913207
Женщины,"M - Доля молодежи (15-28 лет), % - NEET",2013,9.45209000993743
Женщины,"M - Доля молодежи (15-28 лет), % - NEET",2014,11.6809505309172
Женщины,"M - Доля молодежи (15-28 лет), % - NEET",2015,11.1898190343161
Женщины,"M - Доля молодежи (15-28 лет), % - NEET",2016,12.3
Женщины,"M - Доля молодежи (15-28 лет), % - NEET",2017,11.5
Женщины,"M - Доля молодежи (15-28 лет), % - NEET",2018,9.8
Женщины,"M - Доля молодежи (15-28 лет), % - NEET",2019,9.9
Женщины,"M - Доля молодежи (15-28 лет), % - NEET",2020,9.6
Всего,"Доля неформального сектора в общей занятости, %",2001,…
Всего,"Доля неформального сектора в общей занятости, %",2002,…
Всего,"Доля неформального сектора в общей занятости, %",2003,…
Всего,"Доля неформального сектора в общей занятости, %",2004,…
Всего,"Доля неформального сектора в общей занятости, %",2005,42.9
Всего,"Доля неформального сектора в общей занятости, %",2006,42.2
Всего,"Доля неформального сектора в общей занятости, %",2007,40.4
Всего,"Доля неформального сектора в общей занятости, %",2008,39.1
Всего,"Доля неформального сектора в общей занятости, %",2009,38.2
Всего,"Доля неформального сектора в общей занятости, %",2010,37
Всего,"Доля неформального сектора в общей занятости, %",2011,35.6
Всего,"Доля неформального сектора в общей занятости, %",2012,26
Всего,"Доля неформального сектора в общей занятости, %",2013,24.3
Всего,"Доля неформального сектора в общей занятости, %",2014,25
Всего,"Доля неформального сектора в общей занятости, %",2015,23
Всего,"Доля неформального сектора в общей занятости, %",2016,18.6
Всего,"Доля неформального сектора в общей занятости, %",2017,16.1419837246931
Всего,"Доля неформального сектора в общей занятости, %",2018,14.9
Всего,"Доля неформального сектора в общей занятости, %",2019,13.7
Всего,"Доля неформального сектора в общей занятости, %",2020,14.1
Мужчины,"Доля неформального сектора в общей занятости, %",2001,…
Мужчины,"Доля неформального сектора в общей занятости, %",2002,…
Мужчины,"Доля неформального сектора в общей занятости, %",2003,…
Мужчины,"Доля неформального сектора в общей занятости, %",2004,…
Мужчины,"Доля неформального сектора в общей занятости, %",2005,…
Мужчины,"Доля неформального сектора в общей занятости, %",2006,…
Мужчины,"Доля неформального сектора в общей занятости, %",2007,…
Мужчины,"Доля неформального сектора в общей занятости, %",2008,…
Мужчины,"Доля неформального сектора в общей занятости, %",2009,…
Мужчины,"Доля неформального сектора в общей занятости, %",2010,34.9
Мужчины,"Доля неформального сектора в общей занятости, %",2011,33.9
Мужчины,"Доля неформального сектора в общей занятости, %",2012,24.7
Мужчины,"Доля неформального сектора в общей занятости, %",2013,24
Мужчины,"Доля неформального сектора в общей занятости, %",2014,25
Мужчины,"Доля неформального сектора в общей занятости, %",2015,22.8
Мужчины,"Доля неформального сектора в общей занятости, %",2016,18.3
Мужчины,"Доля неформального сектора в общей занятости, %",2017,16.3
Мужчины,"Доля неформального сектора в общей занятости, %",2018,15.1
Мужчины,"Доля неформального сектора в общей занятости, %",2019,13.8
Мужчины,"Доля неформального сектора в общей занятости, %",2020,14.2
Женщины,"Доля неформального сектора в общей занятости, %",2001,…
Женщины,"Доля неформального сектора в общей занятости, %",2002,…
Женщины,"Доля неформального сектора в общей занятости, %",2003,…
Женщины,"Доля неформального сектора в общей занятости, %",2004,…
Женщины,"Доля неформального сектора в общей занятости, %",2005,…
Женщины,"Доля неформального сектора в общей занятости, %",2006,…
Женщины,"Доля неформального сектора в общей занятости, %",2007,…
Женщины,"Доля неформального сектора в общей занятости, %",2008,…
Женщины,"Доля неформального сектора в общей занятости, %",2009,…
Женщины,"Доля неформального сектора в общей занятости, %",2010,39.3
Женщины,"Доля неформального сектора в общей занятости, %",2011,37.4
Женщины,"Доля неформального сектора в общей занятости, %",2012,27.5
Женщины,"Доля неформального сектора в общей занятости, %",2013,24.5
Женщины,"Доля неформального сектора в общей занятости, %",2014,25
Женщины,"Доля неформального сектора в общей занятости, %",2015,23.2
Женщины,"Доля неформального сектора в общей занятости, %",2016,18.9
Женщины,"Доля неформального сектора в общей занятости, %",2017,16.1
Женщины,"Доля неформального сектора в общей занятости, %",2018,14.7
Женщины,"Доля неформального сектора в общей занятости, %",2019,13.6
Женщины,"Доля неформального сектора в общей занятости, %",2020,13.9
Всего,"M – Доля занятых с чрезмерной продолжительностью рабочих часов (более 48 часов в неделю), %",2001,9.2270197792867
Всего,"M – Доля занятых с чрезмерной продолжительностью рабочих часов (более 48 часов в неделю), %",2002,6.52949031671365
Всего,"M – Доля занятых с чрезмерной продолжительностью рабочих часов (более 48 часов в неделю), %",2003,4.69995334419344
Всего,"M – Доля занятых с чрезмерной продолжительностью рабочих часов (более 48 часов в неделю), %",2004,4.32128358597585
Всего,"M – Доля занятых с чрезмерной продолжительностью рабочих часов (более 48 часов в неделю), %",2005,3.86185955076451
Всего,"M – Доля занятых с чрезмерной продолжительностью рабочих часов (более 48 часов в неделю), %",2006,2.83271655248184
Всего,"M – Доля занятых с чрезмерной продолжительностью рабочих часов (более 48 часов в неделю), %",2007,2.43103590841122
Всего,"M – Доля занятых с чрезмерной продолжительностью рабочих часов (более 48 часов в неделю), %",2008,2.2120475487451
Всего,"M – Доля занятых с чрезмерной продолжительностью рабочих часов (более 48 часов в неделю), %",2009,1.96595932265839
Всего,"M – Доля занятых с чрезмерной продолжительностью рабочих часов (более 48 часов в неделю), %",2010,1.7012964365403
Всего,"M – Доля занятых с чрезмерной продолжительностью рабочих часов (более 48 часов в неделю), %",2011,1.54310566532978
Всего,"M – Доля занятых с чрезмерной продолжительностью рабочих часов (более 48 часов в неделю), %",2012,1.68105612783221
Всего,"M – Доля занятых с чрезмерной продолжительностью рабочих часов (более 48 часов в неделю), %",2013,2.40541905349514
Всего,"M – Доля занятых с чрезмерной продолжительностью рабочих часов (более 48 часов в неделю), %",2014,3.12464967989703
Всего,"M – Доля занятых с чрезмерной продолжительностью рабочих часов (более 48 часов в неделю), %",2015,3.01942750222235
Всего,"M – Доля занятых с чрезмерной продолжительностью рабочих часов (более 48 часов в неделю), %",2016,2.5
Всего,"M – Доля занятых с чрезмерной продолжительностью рабочих часов (более 48 часов в неделю), %",2017,2.12105823912934
Всего,"M – Доля занятых с чрезмерной продолжительностью рабочих часов (более 48 часов в неделю), %",2018,2.8
Всего,"M – Доля занятых с чрезмерной продолжительностью рабочих часов (более 48 часов в неделю), %",2019,2.70641872196805
Всего,"M – Доля занятых с чрезмерной продолжительностью рабочих часов (более 48 часов в неделю), %",2020,2.10559044621875
Мужчины,"M – Доля занятых с чрезмерной продолжительностью рабочих часов (более 48 часов в неделю), %",2001,11.6568681298098
Мужчины,"M – Доля занятых с чрезмерной продолжительностью рабочих часов (более 48 часов в неделю), %",2002,8.27388334799983
Мужчины,"M – Доля занятых с чрезмерной продолжительностью рабочих часов (более 48 часов в неделю), %",2003,5.89466626463302
Мужчины,"M – Доля занятых с чрезмерной продолжительностью рабочих часов (более 48 часов в неделю), %",2004,5.48164841548159
Мужчины,"M – Доля занятых с чрезмерной продолжительностью рабочих часов (более 48 часов в неделю), %",2005,5.12643348395375
Мужчины,"M – Доля занятых с чрезмерной продолжительностью рабочих часов (более 48 часов в неделю), %",2006,3.67398032212569
Мужчины,"M – Доля занятых с чрезмерной продолжительностью рабочих часов (более 48 часов в неделю), %",2007,3.09012236599061
Мужчины,"M – Доля занятых с чрезмерной продолжительностью рабочих часов (более 48 часов в неделю), %",2008,2.79631442433601
Мужчины,"M – Доля занятых с чрезмерной продолжительностью рабочих часов (более 48 часов в неделю), %",2009,2.47778778354086
Мужчины,"M – Доля занятых с чрезмерной продолжительностью рабочих часов (более 48 часов в неделю), %",2010,2.23736369252595
Мужчины,"M – Доля занятых с чрезмерной продолжительностью рабочих часов (более 48 часов в неделю), %",2011,2.05516419056618
Мужчины,"M – Доля занятых с чрезмерной продолжительностью рабочих часов (более 48 часов в неделю), %",2012,2.09908033978342
Мужчины,"M – Доля занятых с чрезмерной продолжительностью рабочих часов (более 48 часов в неделю), %",2013,3.05043011759517
Мужчины,"M – Доля занятых с чрезмерной продолжительностью рабочих часов (более 48 часов в неделю), %",2014,4.22555843855234
Мужчины,"M – Доля занятых с чрезмерной продолжительностью рабочих часов (более 48 часов в неделю), %",2015,3.92797939697927
Мужчины,"M – Доля занятых с чрезмерной продолжительностью рабочих часов (более 48 часов в неделю), %",2016,3.3
Мужчины,"M – Доля занятых с чрезмерной продолжительностью рабочих часов (более 48 часов в неделю), %",2017,2.95142633327938
Мужчины,"M – Доля занятых с чрезмерной продолжительностью рабочих часов (более 48 часов в неделю), %",2018,3.8
Мужчины,"M – Доля занятых с чрезмерной продолжительностью рабочих часов (более 48 часов в неделю), %",2019,3.51465045871499
Мужчины,"M – Доля занятых с чрезмерной продолжительностью рабочих часов (более 48 часов в неделю), %",2020,2.82821045951754
Женщины,"M – Доля занятых с чрезмерной продолжительностью рабочих часов (более 48 часов в неделю), %",2001,6.61529217179069
Женщины,"M – Доля занятых с чрезмерной продолжительностью рабочих часов (более 48 часов в неделю), %",2002,4.64225745819973
Женщины,"M – Доля занятых с чрезмерной продолжительностью рабочих часов (более 48 часов в неделю), %",2003,3.41605369408178
Женщины,"M – Доля занятых с чрезмерной продолжительностью рабочих часов (более 48 часов в неделю), %",2004,3.07541272350593
Женщины,"M – Доля занятых с чрезмерной продолжительностью рабочих часов (более 48 часов в неделю), %",2005,2.5003946772341
Женщины,"M – Доля занятых с чрезмерной продолжительностью рабочих часов (более 48 часов в неделю), %",2006,1.94127436399479
Женщины,"M – Доля занятых с чрезмерной продолжительностью рабочих часов (более 48 часов в неделю), %",2007,1.73381941581113
Женщины,"M – Доля занятых с чрезмерной продолжительностью рабочих часов (более 48 часов в неделю), %",2008,1.60065821361886
Женщины,"M – Доля занятых с чрезмерной продолжительностью рабочих часов (более 48 часов в неделю), %",2009,1.43075894907019
Женщины,"M – Доля занятых с чрезмерной продолжительностью рабочих часов (более 48 часов в неделю), %",2010,1.13686791687139
Женщины,"M – Доля занятых с чрезмерной продолжительностью рабочих часов (более 48 часов в неделю), %",2011,1.00588235439315
Женщины,"M – Доля занятых с чрезмерной продолжительностью рабочих часов (более 48 часов в неделю), %",2012,1.23826366652885
Женщины,"M – Доля занятых с чрезмерной продолжительностью рабочих часов (более 48 часов в неделю), %",2013,1.72830388492292
Женщины,"M – Доля занятых с чрезмерной продолжительностью рабочих часов (более 48 часов в неделю), %",2014,1.95198091991797
Женщины,"M – Доля занятых с чрезмерной продолжительностью рабочих часов (более 48 часов в неделю), %",2015,2.0525615849858
Женщины,"M – Доля занятых с чрезмерной продолжительностью рабочих часов (более 48 часов в неделю), %",2016,1.6
Женщины,"M – Доля занятых с чрезмерной продолжительностью рабочих часов (более 48 часов в неделю), %",2017,1.22030142242844
Женщины,"M – Доля занятых с чрезмерной продолжительностью рабочих часов (более 48 часов в неделю), %",2018,1.8
Женщины,"M – Доля занятых с чрезмерной продолжительностью рабочих часов (более 48 часов в неделю), %",2019,1.84298831546868
Женщины,"M – Доля занятых с чрезмерной продолжительностью рабочих часов (более 48 часов в неделю), %",2020,1.33031409323451
Всего,"M – Детский труд (согласно Резолюции, принятой на 18-й МКСТ) (S), (доля занятых в возрастной группе 15-17 лет, %)",2001,15.6873490721036
Всего,"M – Детский труд (согласно Резолюции, принятой на 18-й МКСТ) (S), (доля занятых в возрастной группе 15-17 лет, %)",2002,11.8053822466194
Всего,"M – Детский труд (согласно Резолюции, принятой на 18-й МКСТ) (S), (доля занятых в возрастной группе 15-17 лет, %)",2003,14.6271231019267
Всего,"M – Детский труд (согласно Резолюции, принятой на 18-й МКСТ) (S), (доля занятых в возрастной группе 15-17 лет, %)",2004,12.4564090358765
Всего,"M – Детский труд (согласно Резолюции, принятой на 18-й МКСТ) (S), (доля занятых в возрастной группе 15-17 лет, %)",2005,14.3777687021533
Всего,"M – Детский труд (согласно Резолюции, принятой на 18-й МКСТ) (S), (доля занятых в возрастной группе 15-17 лет, %)",2006,14.6593118647434
Всего,"M – Детский труд (согласно Резолюции, принятой на 18-й МКСТ) (S), (доля занятых в возрастной группе 15-17 лет, %)",2007,11.7615249574333
Всего,"M – Детский труд (согласно Резолюции, принятой на 18-й МКСТ) (S), (доля занятых в возрастной группе 15-17 лет, %)",2008,11.5809144195348
Всего,"M – Детский труд (согласно Резолюции, принятой на 18-й МКСТ) (S), (доля занятых в возрастной группе 15-17 лет, %)",2009,9.67962467537844
Всего,"M – Детский труд (согласно Резолюции, принятой на 18-й МКСТ) (S), (доля занятых в возрастной группе 15-17 лет, %)",2010,8.22201017811705
Всего,"M – Детский труд (согласно Резолюции, принятой на 18-й МКСТ) (S), (доля занятых в возрастной группе 15-17 лет, %)",2011,8.36904569193937
Всего,"M – Детский труд (согласно Резолюции, принятой на 18-й МКСТ) (S), (доля занятых в возрастной группе 15-17 лет, %)",2012,6.50140869623177
Всего,"M – Детский труд (согласно Резолюции, принятой на 18-й МКСТ) (S), (доля занятых в возрастной группе 15-17 лет, %)",2013,5.33058623666082
Всего,"M – Детский труд (согласно Резолюции, принятой на 18-й МКСТ) (S), (доля занятых в возрастной группе 15-17 лет, %)",2014,4.59326165743655
Всего,"M – Детский труд (согласно Резолюции, принятой на 18-й МКСТ) (S), (доля занятых в возрастной группе 15-17 лет, %)",2015,4.08465297468478
Всего,"M – Детский труд (согласно Резолюции, принятой на 18-й МКСТ) (S), (доля занятых в возрастной группе 15-17 лет, %)",2016,3.1
Всего,"M – Детский труд (согласно Резолюции, принятой на 18-й МКСТ) (S), (доля занятых в возрастной группе 15-17 лет, %)",2017,2
Всего,"M – Детский труд (согласно Резолюции, принятой на 18-й МКСТ) (S), (доля занятых в возрастной группе 15-17 лет, %)",2018,2.5
Всего,"M – Детский труд (согласно Резолюции, принятой на 18-й МКСТ) (S), (доля занятых в возрастной группе 15-17 лет, %)",2019,0.8
Всего,"M – Детский труд (согласно Резолюции, принятой на 18-й МКСТ) (S), (доля занятых в возрастной группе 15-17 лет, %)",2020,1.57566302652106
Mальчики,"M – Детский труд (согласно Резолюции, принятой на 18-й МКСТ) (S), (доля занятых в возрастной группе 15-17 лет, %)",2001,16.3554693614875
Mальчики,"M – Детский труд (согласно Резолюции, принятой на 18-й МКСТ) (S), (доля занятых в возрастной группе 15-17 лет, %)",2002,12.2190495098019
Mальчики,"M – Детский труд (согласно Резолюции, принятой на 18-й МКСТ) (S), (доля занятых в возрастной группе 15-17 лет, %)",2003,15.8118042688381
Mальчики,"M – Детский труд (согласно Резолюции, принятой на 18-й МКСТ) (S), (доля занятых в возрастной группе 15-17 лет, %)",2004,14.2120606703091
Mальчики,"M – Детский труд (согласно Резолюции, принятой на 18-й МКСТ) (S), (доля занятых в возрастной группе 15-17 лет, %)",2005,15.7784994648854
Mальчики,"M – Детский труд (согласно Резолюции, принятой на 18-й МКСТ) (S), (доля занятых в возрастной группе 15-17 лет, %)",2006,16.1453800977833
Mальчики,"M – Детский труд (согласно Резолюции, принятой на 18-й МКСТ) (S), (доля занятых в возрастной группе 15-17 лет, %)",2007,13.4827469699989
Mальчики,"M – Детский труд (согласно Резолюции, принятой на 18-й МКСТ) (S), (доля занятых в возрастной группе 15-17 лет, %)",2008,14.1798910947045
Mальчики,"M – Детский труд (согласно Резолюции, принятой на 18-й МКСТ) (S), (доля занятых в возрастной группе 15-17 лет, %)",2009,10.535336067547
Mальчики,"M – Детский труд (согласно Резолюции, принятой на 18-й МКСТ) (S), (доля занятых в возрастной группе 15-17 лет, %)",2010,8.69172158436223
Mальчики,"M – Детский труд (согласно Резолюции, принятой на 18-й МКСТ) (S), (доля занятых в возрастной группе 15-17 лет, %)",2011,8.72374605535376
Mальчики,"M – Детский труд (согласно Резолюции, принятой на 18-й МКСТ) (S), (доля занятых в возрастной группе 15-17 лет, %)",2012,6.66716871250345
Mальчики,"M – Детский труд (согласно Резолюции, принятой на 18-й МКСТ) (S), (доля занятых в возрастной группе 15-17 лет, %)",2013,5.52432313034202
Mальчики,"M – Детский труд (согласно Резолюции, принятой на 18-й МКСТ) (S), (доля занятых в возрастной группе 15-17 лет, %)",2014,5.06251837113076
Mальчики,"M – Детский труд (согласно Резолюции, принятой на 18-й МКСТ) (S), (доля занятых в возрастной группе 15-17 лет, %)",2015,4.40583143721705
Mальчики,"M – Детский труд (согласно Резолюции, принятой на 18-й МКСТ) (S), (доля занятых в возрастной группе 15-17 лет, %)",2016,3.2
Mальчики,"M – Детский труд (согласно Резолюции, принятой на 18-й МКСТ) (S), (доля занятых в возрастной группе 15-17 лет, %)",2017,2.4
Mальчики,"M – Детский труд (согласно Резолюции, принятой на 18-й МКСТ) (S), (доля занятых в возрастной группе 15-17 лет, %)",2018,2.5
Mальчики,"M – Детский труд (согласно Резолюции, принятой на 18-й МКСТ) (S), (доля занятых в возрастной группе 15-17 лет, %)",2019,0.9
Mальчики,"M – Детский труд (согласно Резолюции, принятой на 18-й МКСТ) (S), (доля занятых в возрастной группе 15-17 лет, %)",2020,1.74131842680887
Девочки,"M – Детский труд (согласно Резолюции, принятой на 18-й МКСТ) (S), (доля занятых в возрастной группе 15-17 лет, %)",2001,14.999798633392
Девочки,"M – Детский труд (согласно Резолюции, принятой на 18-й МКСТ) (S), (доля занятых в возрастной группе 15-17 лет, %)",2002,11.3797232599431
Девочки,"M – Детский труд (согласно Резолюции, принятой на 18-й МКСТ) (S), (доля занятых в возрастной группе 15-17 лет, %)",2003,13.4074137087684
Девочки,"M – Детский труд (согласно Резолюции, принятой на 18-й МКСТ) (S), (доля занятых в возрастной группе 15-17 лет, %)",2004,10.6466323421246
Девочки,"M – Детский труд (согласно Резолюции, принятой на 18-й МКСТ) (S), (доля занятых в возрастной группе 15-17 лет, %)",2005,12.9305852697579
Девочки,"M – Детский труд (согласно Резолюции, принятой на 18-й МКСТ) (S), (доля занятых в возрастной группе 15-17 лет, %)",2006,13.1249932180952
Девочки,"M – Детский труд (согласно Резолюции, принятой на 18-й МКСТ) (S), (доля занятых в возрастной группе 15-17 лет, %)",2007,9.98072915499585
Девочки,"M – Детский труд (согласно Резолюции, принятой на 18-й МКСТ) (S), (доля занятых в возрастной группе 15-17 лет, %)",2008,8.89331592410753
Девочки,"M – Детский труд (согласно Резолюции, принятой на 18-й МКСТ) (S), (доля занятых в возрастной группе 15-17 лет, %)",2009,8.80095792739346
Девочки,"M – Детский труд (согласно Резолюции, принятой на 18-й МКСТ) (S), (доля занятых в возрастной группе 15-17 лет, %)",2010,7.73358212135994
Девочки,"M – Детский труд (согласно Резолюции, принятой на 18-й МКСТ) (S), (доля занятых в возрастной группе 15-17 лет, %)",2011,7.9989056223651
Девочки,"M – Детский труд (согласно Резолюции, принятой на 18-й МКСТ) (S), (доля занятых в возрастной группе 15-17 лет, %)",2012,6.32844749910944
Девочки,"M – Детский труд (согласно Резолюции, принятой на 18-й МКСТ) (S), (доля занятых в возрастной группе 15-17 лет, %)",2013,5.12874482565074
Девочки,"M – Детский труд (согласно Резолюции, принятой на 18-й МКСТ) (S), (доля занятых в возрастной группе 15-17 лет, %)",2014,4.10353218789175
Девочки,"M – Детский труд (согласно Резолюции, принятой на 18-й МКСТ) (S), (доля занятых в возрастной группе 15-17 лет, %)",2015,3.74850780849621
Девочки,"M – Детский труд (согласно Резолюции, принятой на 18-й МКСТ) (S), (доля занятых в возрастной группе 15-17 лет, %)",2016,3
Девочки,"M – Детский труд (согласно Резолюции, принятой на 18-й МКСТ) (S), (доля занятых в возрастной группе 15-17 лет, %)",2017,1.6
Девочки,"M – Детский труд (согласно Резолюции, принятой на 18-й МКСТ) (S), (доля занятых в возрастной группе 15-17 лет, %)",2018,2.4
Девочки,"M – Детский труд (согласно Резолюции, принятой на 18-й МКСТ) (S), (доля занятых в возрастной группе 15-17 лет, %)",2019,0.8
Девочки,"M – Детский труд (согласно Резолюции, принятой на 18-й МКСТ) (S), (доля занятых в возрастной группе 15-17 лет, %)",2020,1.40220260580143
Всего,"Доля детей, занятых в опасных условиях, среди лиц в возрасте 15-17 лет, (моложе 18 лет)  %",2001,…
Всего,"Доля детей, занятых в опасных условиях, среди лиц в возрасте 15-17 лет, (моложе 18 лет)  %",2002,…
Всего,"Доля детей, занятых в опасных условиях, среди лиц в возрасте 15-17 лет, (моложе 18 лет)  %",2003,…
Всего,"Доля детей, занятых в опасных условиях, среди лиц в возрасте 15-17 лет, (моложе 18 лет)  %",2004,…
Всего,"Доля детей, занятых в опасных условиях, среди лиц в возрасте 15-17 лет, (моложе 18 лет)  %",2005,…
Всего,"Доля детей, занятых в опасных условиях, среди лиц в возрасте 15-17 лет, (моложе 18 лет)  %",2006,…
Всего,"Доля детей, занятых в опасных условиях, среди лиц в возрасте 15-17 лет, (моложе 18 лет)  %",2007,…
Всего,"Доля детей, занятых в опасных условиях, среди лиц в возрасте 15-17 лет, (моложе 18 лет)  %",2008,…
Всего,"Доля детей, занятых в опасных условиях, среди лиц в возрасте 15-17 лет, (моложе 18 лет)  %",2009,…
Всего,"Доля детей, занятых в опасных условиях, среди лиц в возрасте 15-17 лет, (моложе 18 лет)  %",2010,…
Всего,"Доля детей, занятых в опасных условиях, среди лиц в возрасте 15-17 лет, (моложе 18 лет)  %",2011,…
Всего,"Доля детей, занятых в опасных условиях, среди лиц в возрасте 15-17 лет, (моложе 18 лет)  %",2012,0.00169753668565393
Всего,"Доля детей, занятых в опасных условиях, среди лиц в возрасте 15-17 лет, (моложе 18 лет)  %",2013,0.0030031020435305
Всего,"Доля детей, занятых в опасных условиях, среди лиц в возрасте 15-17 лет, (моложе 18 лет)  %",2014,0.000288858188223672
Всего,"Доля детей, занятых в опасных условиях, среди лиц в возрасте 15-17 лет, (моложе 18 лет)  %",2015,0.000408329930583912
Всего,"Доля детей, занятых в опасных условиях, среди лиц в возрасте 15-17 лет, (моложе 18 лет)  %",2016,0.000408329930583912
Всего,"Доля детей, занятых в опасных условиях, среди лиц в возрасте 15-17 лет, (моложе 18 лет)  %",2017,0.0004
Всего,"Доля детей, занятых в опасных условиях, среди лиц в возрасте 15-17 лет, (моложе 18 лет)  %",2018,0.003
Всего,"Доля детей, занятых в опасных условиях, среди лиц в возрасте 15-17 лет, (моложе 18 лет)  %",2019,0.00601674958445188
Всего,"Доля детей, занятых в опасных условиях, среди лиц в возрасте 15-17 лет, (моложе 18 лет)  %",2020,0.0047
Мужчины (%),Руководители и государственные служащие,2001,67.203267493025
Мужчины (%),Руководители и государственные служащие,2002,66.2277238428194
Мужчины (%),Руководители и государственные служащие,2003,65.859449880264
Мужчины (%),Руководители и государственные служащие,2004,62.021702342666
Мужчины (%),Руководители и государственные служащие,2005,64.4914882651138
Мужчины (%),Руководители и государственные служащие,2006,64.1550098056898
Мужчины (%),Руководители и государственные служащие,2007,63.1718111850562
Мужчины (%),Руководители и государственные служащие,2008,61.6273044778363
Мужчины (%),Руководители и государственные служащие,2009,61.233049848975
Мужчины (%),Руководители и государственные служащие,2010,62.8322381654821
Мужчины (%),Руководители и государственные служащие,2011,51.1991433012894
Мужчины (%),Руководители и государственные служащие,2012,60.2512609534435
Мужчины (%),Руководители и государственные служащие,2013,61.6777770072297
Мужчины (%),Руководители и государственные служащие,2014,64.3495175337945
Мужчины (%),Руководители и государственные служащие,2015,62.9413634938669
Мужчины (%),Руководители и государственные служащие,2016,62.7
Мужчины (%),Руководители и государственные служащие,2017,63
Мужчины (%),Руководители и государственные служащие,2018,58.8
Мужчины (%),Руководители и государственные служащие,2019,57
Мужчины (%),Руководители и государственные служащие,2020,58.9
Женщины (%),Руководители и государственные служащие,2001,32.796732506975
Женщины (%),Руководители и государственные служащие,2002,33.7722761571806
Женщины (%),Руководители и государственные служащие,2003,34.140550119736
Женщины (%),Руководители и государственные служащие,2004,37.978297657334
Женщины (%),Руководители и государственные служащие,2005,35.5085117348862
Женщины (%),Руководители и государственные служащие,2006,35.8449901943102
Женщины (%),Руководители и государственные служащие,2007,36.8281888149438
Женщины (%),Руководители и государственные служащие,2008,38.3726955221637
Женщины (%),Руководители и государственные служащие,2009,38.766950151025
Женщины (%),Руководители и государственные служащие,2010,37.1677618345179
Женщины (%),Руководители и государственные служащие,2011,48.8008566987106
Женщины (%),Руководители и государственные служащие,2012,39.7487390465565
Женщины (%),Руководители и государственные служащие,2013,38.3222229927703
Женщины (%),Руководители и государственные служащие,2014,35.6504824662055
Женщины (%),Руководители и государственные служащие,2015,37.0586365061331
Женщины (%),Руководители и государственные служащие,2016,37.3
Женщины (%),Руководители и государственные служащие,2017,37
Женщины (%),Руководители и государственные служащие,2018,41.2
Женщины (%),Руководители и государственные служащие,2019,43
Женщины (%),Руководители и государственные служащие,2020,41.1
Мужчины (%),Специалисты-профессионалы,2001,31.9652884731057
Мужчины (%),Специалисты-профессионалы,2002,32.6284309387933
Мужчины (%),Специалисты-профессионалы,2003,33.081913513837
Мужчины (%),Специалисты-профессионалы,2004,32.1396851906378
Мужчины (%),Специалисты-профессионалы,2005,32.2571538112997
Мужчины (%),Специалисты-профессионалы,2006,32.8016270493711
Мужчины (%),Специалисты-профессионалы,2007,32.2640256902629
Мужчины (%),Специалисты-профессионалы,2008,32.0795189105909
Мужчины (%),Специалисты-профессионалы,2009,33.358356081286
Мужчины (%),Специалисты-профессионалы,2010,35.2316711066207
Мужчины (%),Специалисты-профессионалы,2011,61.5385693136124
Мужчины (%),Специалисты-профессионалы,2012,37.3035888829464
Мужчины (%),Специалисты-профессионалы,2013,36.7216861909053
Мужчины (%),Специалисты-профессионалы,2014,35.4326493830006
Мужчины (%),Специалисты-профессионалы,2015,34.618033032971
Мужчины (%),Специалисты-профессионалы,2016,36.6
Мужчины (%),Специалисты-профессионалы,2017,37.4
Мужчины (%),Специалисты-профессионалы,2018,35.9
Мужчины (%),Специалисты-профессионалы,2019,35.5
Мужчины (%),Специалисты-профессионалы,2020,35.2
Женщины (%),Специалисты-профессионалы,2001,68.0347115268943
Женщины (%),Специалисты-профессионалы,2002,67.3715690612067
Женщины (%),Специалисты-профессионалы,2003,66.918086486163
Женщины (%),Специалисты-профессионалы,2004,67.8603148093622
Женщины (%),Специалисты-профессионалы,2005,67.7428461887003
Женщины (%),Специалисты-профессионалы,2006,67.1983729506289
Женщины (%),Специалисты-профессионалы,2007,67.7359743097371
Женщины (%),Специалисты-профессионалы,2008,67.9204810894091
Женщины (%),Специалисты-профессионалы,2009,66.641643918714
Женщины (%),Специалисты-профессионалы,2010,64.7683288933793
Женщины (%),Специалисты-профессионалы,2011,38.4614306863876
Женщины (%),Специалисты-профессионалы,2012,62.6964111170536
Женщины (%),Специалисты-профессионалы,2013,63.2783138090947
Женщины (%),Специалисты-профессионалы,2014,64.5673506169994
Женщины (%),Специалисты-профессионалы,2015,65.381966967029
Женщины (%),Специалисты-профессионалы,2016,"63,,4"
Женщины (%),Специалисты-профессионалы,2017,62.6
Женщины (%),Специалисты-профессионалы,2018,64.1
Женщины (%),Специалисты-профессионалы,2019,64.5
Женщины (%),Специалисты-профессионалы,2020,64.8
Мужчины (%),Специалисты-техники и иной вспомогательный профессиональный персонал,2001,35.4192156964834
Мужчины (%),Специалисты-техники и иной вспомогательный профессиональный персонал,2002,35.2819066015317
Мужчины (%),Специалисты-техники и иной вспомогательный профессиональный персонал,2003,36.1675074336286
Мужчины (%),Специалисты-техники и иной вспомогательный профессиональный персонал,2004,35.4640621852359
Мужчины (%),Специалисты-техники и иной вспомогательный профессиональный персонал,2005,35.1346991707872
Мужчины (%),Специалисты-техники и иной вспомогательный профессиональный персонал,2006,36.3681458974128
Мужчины (%),Специалисты-техники и иной вспомогательный профессиональный персонал,2007,36.7945354255881
Мужчины (%),Специалисты-техники и иной вспомогательный профессиональный персонал,2008,34.5685751677899
Мужчины (%),Специалисты-техники и иной вспомогательный профессиональный персонал,2009,37.3052156362588
Мужчины (%),Специалисты-техники и иной вспомогательный профессиональный персонал,2010,36.6151286475532
Мужчины (%),Специалисты-техники и иной вспомогательный профессиональный персонал,2011,34.7377363343272
Мужчины (%),Специалисты-техники и иной вспомогательный профессиональный персонал,2012,38.5139451179761
Мужчины (%),Специалисты-техники и иной вспомогательный профессиональный персонал,2013,39.6462869015651
Мужчины (%),Специалисты-техники и иной вспомогательный профессиональный персонал,2014,41.6804240847853
Мужчины (%),Специалисты-техники и иной вспомогательный профессиональный персонал,2015,41.2836981297352
Мужчины (%),Специалисты-техники и иной вспомогательный профессиональный персонал,2016,41.6
Мужчины (%),Специалисты-техники и иной вспомогательный профессиональный персонал,2017,42.7
Мужчины (%),Специалисты-техники и иной вспомогательный профессиональный персонал,2018,45.8
Мужчины (%),Специалисты-техники и иной вспомогательный профессиональный персонал,2019,44.9
Мужчины (%),Специалисты-техники и иной вспомогательный профессиональный персонал,2020,45.6
Женщины (%),Специалисты-техники и иной вспомогательный профессиональный персонал,2001,64.5807843035166
Женщины (%),Специалисты-техники и иной вспомогательный профессиональный персонал,2002,64.7180933984683
Женщины (%),Специалисты-техники и иной вспомогательный профессиональный персонал,2003,63.8324925663714
Женщины (%),Специалисты-техники и иной вспомогательный профессиональный персонал,2004,64.5359378147641
Женщины (%),Специалисты-техники и иной вспомогательный профессиональный персонал,2005,64.8653008292128
Женщины (%),Специалисты-техники и иной вспомогательный профессиональный персонал,2006,63.6318541025872
Женщины (%),Специалисты-техники и иной вспомогательный профессиональный персонал,2007,63.2054645744119
Женщины (%),Специалисты-техники и иной вспомогательный профессиональный персонал,2008,65.4314248322101
Женщины (%),Специалисты-техники и иной вспомогательный профессиональный персонал,2009,62.6947843637412
Женщины (%),Специалисты-техники и иной вспомогательный профессиональный персонал,2010,63.3848713524468
Женщины (%),Специалисты-техники и иной вспомогательный профессиональный персонал,2011,65.2622636656728
Женщины (%),Специалисты-техники и иной вспомогательный профессиональный персонал,2012,61.4860548820239
Женщины (%),Специалисты-техники и иной вспомогательный профессиональный персонал,2013,60.3537130984349
Женщины (%),Специалисты-техники и иной вспомогательный профессиональный персонал,2014,58.3195759152147
Женщины (%),Специалисты-техники и иной вспомогательный профессиональный персонал,2015,58.7163018702648
Женщины (%),Специалисты-техники и иной вспомогательный профессиональный персонал,2016,58.4
Женщины (%),Специалисты-техники и иной вспомогательный профессиональный персонал,2017,57.3
Женщины (%),Специалисты-техники и иной вспомогательный профессиональный персонал,2018,54.2
Женщины (%),Специалисты-техники и иной вспомогательный профессиональный персонал,2019,55.1
Женщины (%),Специалисты-техники и иной вспомогательный профессиональный персонал,2020,54.4
Мужчины (%),Служащие в области администрирования,2001,19.8516625856134
Мужчины (%),Служащие в области администрирования,2002,23.2507260255841
Мужчины (%),Служащие в области администрирования,2003,21.8205725283363
Мужчины (%),Служащие в области администрирования,2004,24.3403666875656
Мужчины (%),Служащие в области администрирования,2005,24.0546373044289
Мужчины (%),Служащие в области администрирования,2006,22.1937585956545
Мужчины (%),Служащие в области администрирования,2007,22.7728459530026
Мужчины (%),Служащие в области администрирования,2008,27.2090787370458
Мужчины (%),Служащие в области администрирования,2009,27.4640719998721
Мужчины (%),Служащие в области администрирования,2010,31.9346162667056
Мужчины (%),Служащие в области администрирования,2011,37.0745690359132
Мужчины (%),Служащие в области администрирования,2012,29.4974979816696
Мужчины (%),Служащие в области администрирования,2013,27.0782702037715
Мужчины (%),Служащие в области администрирования,2014,25.9911663760974
Мужчины (%),Служащие в области администрирования,2015,26.7499585214422
Мужчины (%),Служащие в области администрирования,2016,26.8
Мужчины (%),Служащие в области администрирования,2017,29.2
Мужчины (%),Служащие в области администрирования,2018,37
Мужчины (%),Служащие в области администрирования,2019,36.9
Мужчины (%),Служащие в области администрирования,2020,37
Женщины (%),Служащие в области администрирования,2001,80.1483374143866
Женщины (%),Служащие в области администрирования,2002,76.7492739744159
Женщины (%),Служащие в области администрирования,2003,78.1794274716637
Женщины (%),Служащие в области администрирования,2004,75.6596333124345
Женщины (%),Служащие в области администрирования,2005,75.9453626955711
Женщины (%),Служащие в области администрирования,2006,77.8062414043455
Женщины (%),Служащие в области администрирования,2007,77.2271540469974
Женщины (%),Служащие в области администрирования,2008,72.7909212629542
Женщины (%),Служащие в области администрирования,2009,72.5359280001279
Женщины (%),Служащие в области администрирования,2010,68.0653837332944
Женщины (%),Служащие в области администрирования,2011,62.9254309640868
Женщины (%),Служащие в области администрирования,2012,70.5025020183303
Женщины (%),Служащие в области администрирования,2013,72.9217297962285
Женщины (%),Служащие в области администрирования,2014,74.0088336239026
Женщины (%),Служащие в области администрирования,2015,73.2500414785578
Женщины (%),Служащие в области администрирования,2016,73.2
Женщины (%),Служащие в области администрирования,2017,70.8
Женщины (%),Служащие в области администрирования,2018,63
Женщины (%),Служащие в области администрирования,2019,63.1
Женщины (%),Служащие в области администрирования,2020,63
Мужчины (%),Работники сферы услуг и продаж,2001,…
Мужчины (%),Работники сферы услуг и продаж,2002,…
Мужчины (%),Работники сферы услуг и продаж,2003,…
Мужчины (%),Работники сферы услуг и продаж,2004,…
Мужчины (%),Работники сферы услуг и продаж,2005,…
Мужчины (%),Работники сферы услуг и продаж,2006,…
Мужчины (%),Работники сферы услуг и продаж,2007,…
Мужчины (%),Работники сферы услуг и продаж,2008,33.423747819702
Мужчины (%),Работники сферы услуг и продаж,2009,35.0562001057374
Мужчины (%),Работники сферы услуг и продаж,2010,35.8481582663462
Мужчины (%),Работники сферы услуг и продаж,2011,31.5964224594263
Мужчины (%),Работники сферы услуг и продаж,2012,38.4627827575364
Мужчины (%),Работники сферы услуг и продаж,2013,39.058238581615
Мужчины (%),Работники сферы услуг и продаж,2014,37.9396850377303
Мужчины (%),Работники сферы услуг и продаж,2015,36.8735431956411
Мужчины (%),Работники сферы услуг и продаж,2016,38.3
Мужчины (%),Работники сферы услуг и продаж,2017,40.7
Мужчины (%),Работники сферы услуг и продаж,2018,39.4
Мужчины (%),Работники сферы услуг и продаж,2019,40.3
Мужчины (%),Работники сферы услуг и продаж,2020,41.2
Женщины (%),Работники сферы услуг и продаж,2001,…
Женщины (%),Работники сферы услуг и продаж,2002,…
Женщины (%),Работники сферы услуг и продаж,2003,…
Женщины (%),Работники сферы услуг и продаж,2004,…
Женщины (%),Работники сферы услуг и продаж,2005,…
Женщины (%),Работники сферы услуг и продаж,2006,…
Женщины (%),Работники сферы услуг и продаж,2007,…
Женщины (%),Работники сферы услуг и продаж,2008,66.576252180298
Женщины (%),Работники сферы услуг и продаж,2009,64.9437998942626
Женщины (%),Работники сферы услуг и продаж,2010,64.1518417336538
Женщины (%),Работники сферы услуг и продаж,2011,68.4035775405737
Женщины (%),Работники сферы услуг и продаж,2012,61.5372172424636
Женщины (%),Работники сферы услуг и продаж,2013,60.941761418385
Женщины (%),Работники сферы услуг и продаж,2014,62.0603149622697
Женщины (%),Работники сферы услуг и продаж,2015,63.1264568043589
Женщины (%),Работники сферы услуг и продаж,2016,61.7
Женщины (%),Работники сферы услуг и продаж,2017,59.3
Женщины (%),Работники сферы услуг и продаж,2018,60.6
Женщины (%),Работники сферы услуг и продаж,2019,59.7
Женщины (%),Работники сферы услуг и продаж,2020,58.8
Мужчины (%),"Фермеры и рабочие сельского и лесного хозяйства, рыбоводства и рыболовства",2001,…
Мужчины (%),"Фермеры и рабочие сельского и лесного хозяйства, рыбоводства и рыболовства",2002,…
Мужчины (%),"Фермеры и рабочие сельского и лесного хозяйства, рыбоводства и рыболовства",2003,…
Мужчины (%),"Фермеры и рабочие сельского и лесного хозяйства, рыбоводства и рыболовства",2004,…
Мужчины (%),"Фермеры и рабочие сельского и лесного хозяйства, рыбоводства и рыболовства",2005,…
Мужчины (%),"Фермеры и рабочие сельского и лесного хозяйства, рыбоводства и рыболовства",2006,…
Мужчины (%),"Фермеры и рабочие сельского и лесного хозяйства, рыбоводства и рыболовства",2007,…
Мужчины (%),"Фермеры и рабочие сельского и лесного хозяйства, рыбоводства и рыболовства",2008,51.3119626830605
Мужчины (%),"Фермеры и рабочие сельского и лесного хозяйства, рыбоводства и рыболовства",2009,51.4109932685384
Мужчины (%),"Фермеры и рабочие сельского и лесного хозяйства, рыбоводства и рыболовства",2010,52.8843751752548
Мужчины (%),"Фермеры и рабочие сельского и лесного хозяйства, рыбоводства и рыболовства",2011,35.8688509693818
Мужчины (%),"Фермеры и рабочие сельского и лесного хозяйства, рыбоводства и рыболовства",2012,53.7958872220778
Мужчины (%),"Фермеры и рабочие сельского и лесного хозяйства, рыбоводства и рыболовства",2013,55.2014259591053
Мужчины (%),"Фермеры и рабочие сельского и лесного хозяйства, рыбоводства и рыболовства",2014,55.4551523532497
Мужчины (%),"Фермеры и рабочие сельского и лесного хозяйства, рыбоводства и рыболовства",2015,59.7745440992053
Мужчины (%),"Фермеры и рабочие сельского и лесного хозяйства, рыбоводства и рыболовства",2016,62.9
Мужчины (%),"Фермеры и рабочие сельского и лесного хозяйства, рыбоводства и рыболовства",2017,61.2
Мужчины (%),"Фермеры и рабочие сельского и лесного хозяйства, рыбоводства и рыболовства",2018,56.2
Мужчины (%),"Фермеры и рабочие сельского и лесного хозяйства, рыбоводства и рыболовства",2019,57.9
Мужчины (%),"Фермеры и рабочие сельского и лесного хозяйства, рыбоводства и рыболовства",2020,58.5
Женщины (%),"Фермеры и рабочие сельского и лесного хозяйства, рыбоводства и рыболовства",2001,…
Женщины (%),"Фермеры и рабочие сельского и лесного хозяйства, рыбоводства и рыболовства",2002,…
Женщины (%),"Фермеры и рабочие сельского и лесного хозяйства, рыбоводства и рыболовства",2003,…
Женщины (%),"Фермеры и рабочие сельского и лесного хозяйства, рыбоводства и рыболовства",2004,…
Женщины (%),"Фермеры и рабочие сельского и лесного хозяйства, рыбоводства и рыболовства",2005,…
Женщины (%),"Фермеры и рабочие сельского и лесного хозяйства, рыбоводства и рыболовства",2006,…
Женщины (%),"Фермеры и рабочие сельского и лесного хозяйства, рыбоводства и рыболовства",2007,…
Женщины (%),"Фермеры и рабочие сельского и лесного хозяйства, рыбоводства и рыболовства",2008,48.6880373169395
Женщины (%),"Фермеры и рабочие сельского и лесного хозяйства, рыбоводства и рыболовства",2009,48.5890067314616
Женщины (%),"Фермеры и рабочие сельского и лесного хозяйства, рыбоводства и рыболовства",2010,47.1156248247452
Женщины (%),"Фермеры и рабочие сельского и лесного хозяйства, рыбоводства и рыболовства",2011,64.1311490306182
Женщины (%),"Фермеры и рабочие сельского и лесного хозяйства, рыбоводства и рыболовства",2012,46.2041127779222
Женщины (%),"Фермеры и рабочие сельского и лесного хозяйства, рыбоводства и рыболовства",2013,44.7985740408947
Женщины (%),"Фермеры и рабочие сельского и лесного хозяйства, рыбоводства и рыболовства",2014,44.5448476467503
Женщины (%),"Фермеры и рабочие сельского и лесного хозяйства, рыбоводства и рыболовства",2015,40.2254559007947
Женщины (%),"Фермеры и рабочие сельского и лесного хозяйства, рыбоводства и рыболовства",2016,37.1
Женщины (%),"Фермеры и рабочие сельского и лесного хозяйства, рыбоводства и рыболовства",2017,38.8
Женщины (%),"Фермеры и рабочие сельского и лесного хозяйства, рыбоводства и рыболовства",2018,43.8
Женщины (%),"Фермеры и рабочие сельского и лесного хозяйства, рыбоводства и рыболовства",2019,42.1
Женщины (%),"Фермеры и рабочие сельского и лесного хозяйства, рыбоводства и рыболовства",2020,41.5
Мужчины (%),"Рабочие промышленности, строительства, транспорта и других родственных занятий",2001,…
Мужчины (%),"Рабочие промышленности, строительства, транспорта и других родственных занятий",2002,…
Мужчины (%),"Рабочие промышленности, строительства, транспорта и других родственных занятий",2003,…
Мужчины (%),"Рабочие промышленности, строительства, транспорта и других родственных занятий",2004,…
Мужчины (%),"Рабочие промышленности, строительства, транспорта и других родственных занятий",2005,…
Мужчины (%),"Рабочие промышленности, строительства, транспорта и других родственных занятий",2006,…
Мужчины (%),"Рабочие промышленности, строительства, транспорта и других родственных занятий",2007,…
Мужчины (%),"Рабочие промышленности, строительства, транспорта и других родственных занятий",2008,77.1578804899506
Мужчины (%),"Рабочие промышленности, строительства, транспорта и других родственных занятий",2009,77.6445165217178
Мужчины (%),"Рабочие промышленности, строительства, транспорта и других родственных занятий",2010,77.6211427411491
Мужчины (%),"Рабочие промышленности, строительства, транспорта и других родственных занятий",2011,52.5680719336306
Мужчины (%),"Рабочие промышленности, строительства, транспорта и других родственных занятий",2012,79.9932156036405
Мужчины (%),"Рабочие промышленности, строительства, транспорта и других родственных занятий",2013,79.4029714092537
Мужчины (%),"Рабочие промышленности, строительства, транспорта и других родственных занятий",2014,81.0281293057322
Мужчины (%),"Рабочие промышленности, строительства, транспорта и других родственных занятий",2015,83.1724959279822
Мужчины (%),"Рабочие промышленности, строительства, транспорта и других родственных занятий",2016,82
Мужчины (%),"Рабочие промышленности, строительства, транспорта и других родственных занятий",2017,80.3
Мужчины (%),"Рабочие промышленности, строительства, транспорта и других родственных занятий",2018,78.8
Мужчины (%),"Рабочие промышленности, строительства, транспорта и других родственных занятий",2019,79.7
Мужчины (%),"Рабочие промышленности, строительства, транспорта и других родственных занятий",2020,78.2
Женщины (%),"Рабочие промышленности, строительства, транспорта и других родственных занятий",2001,…
Женщины (%),"Рабочие промышленности, строительства, транспорта и других родственных занятий",2002,…
Женщины (%),"Рабочие промышленности, строительства, транспорта и других родственных занятий",2003,…
Женщины (%),"Рабочие промышленности, строительства, транспорта и других родственных занятий",2004,…
Женщины (%),"Рабочие промышленности, строительства, транспорта и других родственных занятий",2005,…
Женщины (%),"Рабочие промышленности, строительства, транспорта и других родственных занятий",2006,…
Женщины (%),"Рабочие промышленности, строительства, транспорта и других родственных занятий",2007,…
Женщины (%),"Рабочие промышленности, строительства, транспорта и других родственных занятий",2008,22.8421195100494
Женщины (%),"Рабочие промышленности, строительства, транспорта и других родственных занятий",2009,22.3554834782822
Женщины (%),"Рабочие промышленности, строительства, транспорта и других родственных занятий",2010,22.3788572588509
Женщины (%),"Рабочие промышленности, строительства, транспорта и других родственных занятий",2011,52.5680719336306
Женщины (%),"Рабочие промышленности, строительства, транспорта и других родственных занятий",2012,20.0067843963595
Женщины (%),"Рабочие промышленности, строительства, транспорта и других родственных занятий",2013,20.5970285907463
Женщины (%),"Рабочие промышленности, строительства, транспорта и других родственных занятий",2014,18.9718706942679
Женщины (%),"Рабочие промышленности, строительства, транспорта и других родственных занятий",2015,16.8275040720178
Женщины (%),"Рабочие промышленности, строительства, транспорта и других родственных занятий",2016,18
Женщины (%),"Рабочие промышленности, строительства, транспорта и других родственных занятий",2017,19.7
Женщины (%),"Рабочие промышленности, строительства, транспорта и других родственных занятий",2018,21.2
Женщины (%),"Рабочие промышленности, строительства, транспорта и других родственных занятий",2019,20.3
Женщины (%),"Рабочие промышленности, строительства, транспорта и других родственных занятий",2020,21.8
Мужчины (%),"Операторы производственного оборудования, сборщики и водители",2001,…
Мужчины (%),"Операторы производственного оборудования, сборщики и водители",2002,…
Мужчины (%),"Операторы производственного оборудования, сборщики и водители",2003,…
Мужчины (%),"Операторы производственного оборудования, сборщики и водители",2004,…
Мужчины (%),"Операторы производственного оборудования, сборщики и водители",2005,…
Мужчины (%),"Операторы производственного оборудования, сборщики и водители",2006,…
Мужчины (%),"Операторы производственного оборудования, сборщики и водители",2007,…
Мужчины (%),"Операторы производственного оборудования, сборщики и водители",2008,89.1495773901263
Мужчины (%),"Операторы производственного оборудования, сборщики и водители",2009,89.1618978630931
Мужчины (%),"Операторы производственного оборудования, сборщики и водители",2010,89.3396176012929
Мужчины (%),"Операторы производственного оборудования, сборщики и водители",2011,78.8888517681809
Мужчины (%),"Операторы производственного оборудования, сборщики и водители",2012,89.2737279902366
Мужчины (%),"Операторы производственного оборудования, сборщики и водители",2013,88.7129425194957
Мужчины (%),"Операторы производственного оборудования, сборщики и водители",2014,90.4940279839018
Мужчины (%),"Операторы производственного оборудования, сборщики и водители",2015,90.6630924755275
Мужчины (%),"Операторы производственного оборудования, сборщики и водители",2016,91.4
Мужчины (%),"Операторы производственного оборудования, сборщики и водители",2017,91.2
Мужчины (%),"Операторы производственного оборудования, сборщики и водители",2018,87.6
Мужчины (%),"Операторы производственного оборудования, сборщики и водители",2019,89
Мужчины (%),"Операторы производственного оборудования, сборщики и водители",2020,88.6
Женщины (%),"Операторы производственного оборудования, сборщики и водители",2001,…
Женщины (%),"Операторы производственного оборудования, сборщики и водители",2002,…
Женщины (%),"Операторы производственного оборудования, сборщики и водители",2003,…
Женщины (%),"Операторы производственного оборудования, сборщики и водители",2004,…
Женщины (%),"Операторы производственного оборудования, сборщики и водители",2005,…
Женщины (%),"Операторы производственного оборудования, сборщики и водители",2006,…
Женщины (%),"Операторы производственного оборудования, сборщики и водители",2007,…
Женщины (%),"Операторы производственного оборудования, сборщики и водители",2008,10.8504226098737
Женщины (%),"Операторы производственного оборудования, сборщики и водители",2009,10.8381021369069
Женщины (%),"Операторы производственного оборудования, сборщики и водители",2010,10.6603823987071
Женщины (%),"Операторы производственного оборудования, сборщики и водители",2011,21.1111482318191
Женщины (%),"Операторы производственного оборудования, сборщики и водители",2012,10.7262720097634
Женщины (%),"Операторы производственного оборудования, сборщики и водители",2013,11.2870574805043
Женщины (%),"Операторы производственного оборудования, сборщики и водители",2014,9.5059720160982
Женщины (%),"Операторы производственного оборудования, сборщики и водители",2015,9.33690752447254
Женщины (%),"Операторы производственного оборудования, сборщики и водители",2016,8.6
Женщины (%),"Операторы производственного оборудования, сборщики и водители",2017,8.8
Женщины (%),"Операторы производственного оборудования, сборщики и водители",2018,12.4
Женщины (%),"Операторы производственного оборудования, сборщики и водители",2019,11
Женщины (%),"Операторы производственного оборудования, сборщики и водители",2020,11.4
Мужчины (%),Неквалифицированные рабочие,2001,…
Мужчины (%),Неквалифицированные рабочие,2002,…
Мужчины (%),Неквалифицированные рабочие,2003,…
Мужчины (%),Неквалифицированные рабочие,2004,…
Мужчины (%),Неквалифицированные рабочие,2005,…
Мужчины (%),Неквалифицированные рабочие,2006,…
Мужчины (%),Неквалифицированные рабочие,2007,…
Мужчины (%),Неквалифицированные рабочие,2008,52.1790977183605
Мужчины (%),Неквалифицированные рабочие,2009,52.1642435308345
Мужчины (%),Неквалифицированные рабочие,2010,51.7903607510856
Мужчины (%),Неквалифицированные рабочие,2011,51.2474423157435
Мужчины (%),Неквалифицированные рабочие,2012,52.419655987496
Мужчины (%),Неквалифицированные рабочие,2013,51.6379669935934
Мужчины (%),Неквалифицированные рабочие,2014,51.6137836407812
Мужчины (%),Неквалифицированные рабочие,2015,50.5317691233942
Мужчины (%),Неквалифицированные рабочие,2016,52
Мужчины (%),Неквалифицированные рабочие,2017,51.7
Мужчины (%),Неквалифицированные рабочие,2018,45.3
Мужчины (%),Неквалифицированные рабочие,2019,46
Мужчины (%),Неквалифицированные рабочие,2020,46.3
Женщины (%),Неквалифицированные рабочие,2001,…
Женщины (%),Неквалифицированные рабочие,2002,…
Женщины (%),Неквалифицированные рабочие,2003,…
Женщины (%),Неквалифицированные рабочие,2004,…
Женщины (%),Неквалифицированные рабочие,2005,…
Женщины (%),Неквалифицированные рабочие,2006,…
Женщины (%),Неквалифицированные рабочие,2007,…
Женщины (%),Неквалифицированные рабочие,2008,47.8209022816395
Женщины (%),Неквалифицированные рабочие,2009,47.8357564691655
Женщины (%),Неквалифицированные рабочие,2010,48.2096392489144
Женщины (%),Неквалифицированные рабочие,2011,48.7525576842565
Женщины (%),Неквалифицированные рабочие,2012,47.5803440125039
Женщины (%),Неквалифицированные рабочие,2013,48.3620330064066
Женщины (%),Неквалифицированные рабочие,2014,48.3862163592187
Женщины (%),Неквалифицированные рабочие,2015,49.4682308766058
Женщины (%),Неквалифицированные рабочие,2016,48
Женщины (%),Неквалифицированные рабочие,2017,48.3
Женщины (%),Неквалифицированные рабочие,2018,54.7
Женщины (%),Неквалифицированные рабочие,2019,54
Женщины (%),Неквалифицированные рабочие,2020,53.7
Мужчины (%),"Работники, не входящие в другие группы",2001,…
Мужчины (%),"Работники, не входящие в другие группы",2002,…
Мужчины (%),"Работники, не входящие в другие группы",2003,…
Мужчины (%),"Работники, не входящие в другие группы",2004,…
Мужчины (%),"Работники, не входящие в другие группы",2005,…
Мужчины (%),"Работники, не входящие в другие группы",2006,…
Мужчины (%),"Работники, не входящие в другие группы",2007,…
Мужчины (%),"Работники, не входящие в другие группы",2008,73.1604226705091
Мужчины (%),"Работники, не входящие в другие группы",2009,74.647073141049
Мужчины (%),"Работники, не входящие в другие группы",2010,76.2648432663628
Мужчины (%),"Работники, не входящие в другие группы",2011,79.3185258829112
Мужчины (%),"Работники, не входящие в другие группы",2012,79.6891436987166
Мужчины (%),"Работники, не входящие в другие группы",2013,76.8171791532676
Мужчины (%),"Работники, не входящие в другие группы",2014,82.7601898199311
Мужчины (%),"Работники, не входящие в другие группы",2015,76.7514157088864
Мужчины (%),"Работники, не входящие в другие группы",2016,82.9
Мужчины (%),"Работники, не входящие в другие группы",2017,81.7
Мужчины (%),"Работники, не входящие в другие группы",2018,80.1
Мужчины (%),"Работники, не входящие в другие группы",2019,77.1
Мужчины (%),"Работники, не входящие в другие группы",2020,78.9
Женщины (%),"Работники, не входящие в другие группы",2001,…
Женщины (%),"Работники, не входящие в другие группы",2002,…
Женщины (%),"Работники, не входящие в другие группы",2003,…
Женщины (%),"Работники, не входящие в другие группы",2004,…
Женщины (%),"Работники, не входящие в другие группы",2005,…
Женщины (%),"Работники, не входящие в другие группы",2006,…
Женщины (%),"Работники, не входящие в другие группы",2007,…
Женщины (%),"Работники, не входящие в другие группы",2008,26.8395773294909
Женщины (%),"Работники, не входящие в другие группы",2009,25.352926858951
Женщины (%),"Работники, не входящие в другие группы",2010,23.7351567336372
Женщины (%),"Работники, не входящие в другие группы",2011,20.6814741170888
Женщины (%),"Работники, не входящие в другие группы",2012,20.3108563012834
Женщины (%),"Работники, не входящие в другие группы",2013,23.1828208467324
Женщины (%),"Работники, не входящие в другие группы",2014,17.2398101800689
Женщины (%),"Работники, не входящие в другие группы",2015,23.2485842911136
Женщины (%),"Работники, не входящие в другие группы",2016,17.1
Женщины (%),"Работники, не входящие в другие группы",2017,18.3
Женщины (%),"Работники, не входящие в другие группы",2018,19.9
Женщины (%),"Работники, не входящие в другие группы",2019,22.9
Женщины (%),"Работники, не входящие в другие группы",2020,21.1
"A- Гендерный разрыв в заработной плате, %","Работники, не входящие в другие группы",2001,…
"A- Гендерный разрыв в заработной плате, %","Работники, не входящие в другие группы",2002,…
"A- Гендерный разрыв в заработной плате, %","Работники, не входящие в другие группы",2003,…
"A- Гендерный разрыв в заработной плате, %","Работники, не входящие в другие группы",2004,…
"A- Гендерный разрыв в заработной плате, %","Работники, не входящие в другие группы",2005,38.9
"A- Гендерный разрыв в заработной плате, %","Работники, не входящие в другие группы",2006,37.7
"A- Гендерный разрыв в заработной плате, %","Работники, не входящие в другие группы",2007,34.2
"A- Гендерный разрыв в заработной плате, %","Работники, не входящие в другие группы",2008,36.2
"A- Гендерный разрыв в заработной плате, %","Работники, не входящие в другие группы",2009,33.8
"A- Гендерный разрыв в заработной плате, %","Работники, не входящие в другие группы",2010,34
"A- Гендерный разрыв в заработной плате, %","Работники, не входящие в другие группы",2011,32
"A- Гендерный разрыв в заработной плате, %","Работники, не входящие в другие группы",2012,30.5
"A- Гендерный разрыв в заработной плате, %","Работники, не входящие в другие группы",2013,38.2
"A- Гендерный разрыв в заработной плате, %","Работники, не входящие в другие группы",2014,33
"A- Гендерный разрыв в заработной плате, %","Работники, не входящие в другие группы",2015,34.1
"A- Гендерный разрыв в заработной плате, %","Работники, не входящие в другие группы",2016,31.4
"A- Гендерный разрыв в заработной плате, %","Работники, не входящие в другие группы",2017,32.2
"A- Гендерный разрыв в заработной плате, %","Работники, не входящие в другие группы",2018,34.5
"A- Гендерный разрыв в заработной плате, %","Работники, не входящие в другие группы",2019,32.2
"A- Гендерный разрыв в заработной плате, %","Работники, не входящие в другие группы",2020,25
"M - Уровень производственного травматизма со смертельным исходом (на 100 000 работающих), человек",Безопасная работа,2001,10.9950093574548
"M - Уровень производственного травматизма со смертельным исходом (на 100 000 работающих), человек",Безопасная работа,2002,12.2887284001966
"M - Уровень производственного травматизма со смертельным исходом (на 100 000 работающих), человек",Безопасная работа,2003,10.7625288282022
"M - Уровень производственного травматизма со смертельным исходом (на 100 000 работающих), человек",Безопасная работа,2004,12.1804829826296
"M - Уровень производственного травматизма со смертельным исходом (на 100 000 работающих), человек",Безопасная работа,2005,12.0767227089747
"M - Уровень производственного травматизма со смертельным исходом (на 100 000 работающих), человек",Безопасная работа,2006,13.3393478541049
"M - Уровень производственного травматизма со смертельным исходом (на 100 000 работающих), человек",Безопасная работа,2007,10.453709380748
"M - Уровень производственного травматизма со смертельным исходом (на 100 000 работающих), человек",Безопасная работа,2008,10.1277101277101
"M - Уровень производственного травматизма со смертельным исходом (на 100 000 работающих), человек",Безопасная работа,2009,8.98836274889134
"M - Уровень производственного травматизма со смертельным исходом (на 100 000 работающих), человек",Безопасная работа,2010,9.3869340873976
"M - Уровень производственного травматизма со смертельным исходом (на 100 000 работающих), человек",Безопасная работа,2011,11.1937346728898
"M - Уровень производственного травматизма со смертельным исходом (на 100 000 работающих), человек",Безопасная работа,2012,9.88343581425176
"M - Уровень производственного травматизма со смертельным исходом (на 100 000 работающих), человек",Безопасная работа,2013,7.13236735338494
"M - Уровень производственного травматизма со смертельным исходом (на 100 000 работающих), человек",Безопасная работа,2014,6.90633668207506
"M - Уровень производственного травматизма со смертельным исходом (на 100 000 работающих), человек",Безопасная работа,2015,6.23383694024772
"M - Уровень производственного травматизма со смертельным исходом (на 100 000 работающих), человек",Безопасная работа,2016,6.1
"M - Уровень производственного травматизма со смертельным исходом (на 100 000 работающих), человек",Безопасная работа,2017,5.7
"M - Уровень производственного травматизма со смертельным исходом (на 100 000 работающих), человек",Безопасная работа,2018,5.7
"M - Уровень производственного травматизма со смертельным исходом (на 100 000 работающих), человек",Безопасная работа,2019,5
"M - Уровень производственного травматизма со смертельным исходом (на 100 000 работающих), человек",Безопасная работа,2020,5.4
"Л -  Уровень производственного травматизма с несмертельным  исходом (на 100 000 работающих), человек",Безопасная работа,2001,126.637554585153
"Л -  Уровень производственного травматизма с несмертельным  исходом (на 100 000 работающих), человек",Безопасная работа,2002,132.831701138125
"Л -  Уровень производственного травматизма с несмертельным  исходом (на 100 000 работающих), человек",Безопасная работа,2003,124.281582897097
"Л -  Уровень производственного травматизма с несмертельным  исходом (на 100 000 работающих), человек",Безопасная работа,2004,118.20364355317
"Л -  Уровень производственного травматизма с несмертельным  исходом (на 100 000 работающих), человек",Безопасная работа,2005,112.749906972024
"Л -  Уровень производственного травматизма с несмертельным  исходом (на 100 000 работающих), человек",Безопасная работа,2006,103.009408428921
"Л -  Уровень производственного травматизма с несмертельным  исходом (на 100 000 работающих), человек",Безопасная работа,2007,86.7259350091968
"Л -  Уровень производственного травматизма с несмертельным  исходом (на 100 000 работающих), человек",Безопасная работа,2008,80.2494802494802
"Л -  Уровень производственного травматизма с несмертельным  исходом (на 100 000 работающих), человек",Безопасная работа,2009,77.0558647578797
"Л -  Уровень производственного травматизма с несмертельным  исходом (на 100 000 работающих), человек",Безопасная работа,2010,82.9082004489403
"Л -  Уровень производственного травматизма с несмертельным  исходом (на 100 000 работающих), человек",Безопасная работа,2011,111.423146902935
"Л -  Уровень производственного травматизма с несмертельным  исходом (на 100 000 работающих), человек",Безопасная работа,2012,109.170470406277
"Л -  Уровень производственного травматизма с несмертельным  исходом (на 100 000 работающих), человек",Безопасная работа,2013,70.3315773230402
"Л -  Уровень производственного травматизма с несмертельным  исходом (на 100 000 работающих), человек",Безопасная работа,2014,67.6978553855114
"Л -  Уровень производственного травматизма с несмертельным  исходом (на 100 000 работающих), человек",Безопасная работа,2015,62.8011433238056
"Л -  Уровень производственного травматизма с несмертельным  исходом (на 100 000 работающих), человек",Безопасная работа,2016,55.3
"Л -  Уровень производственного травматизма с несмертельным  исходом (на 100 000 работающих), человек",Безопасная работа,2017,55.1
"Л -  Уровень производственного травматизма с несмертельным  исходом (на 100 000 работающих), человек",Безопасная работа,2018,57.4
"Л -  Уровень производственного травматизма с несмертельным  исходом (на 100 000 работающих), человек",Безопасная работа,2019,55.2
"Л -  Уровень производственного травматизма с несмертельным  исходом (на 100 000 работающих), человек",Безопасная работа,2020,53.7
"M - Доля населения, получающего пенсии (трудовые пенсии), %",Социальное обеспечение,2001,11.7777863518016
"M - Доля населения, получающего пенсии (трудовые пенсии), %",Социальное обеспечение,2002,11.3713898928198
"M - Доля населения, получающего пенсии (трудовые пенсии), %",Социальное обеспечение,2003,11.1025068221949
"M - Доля населения, получающего пенсии (трудовые пенсии), %",Социальное обеспечение,2004,10.8838697142052
"M - Доля населения, получающего пенсии (трудовые пенсии), %",Социальное обеспечение,2005,10.8146036500649
"M - Доля населения, получающего пенсии (трудовые пенсии), %",Социальное обеспечение,2006,10.6324282104463
"M - Доля населения, получающего пенсии (трудовые пенсии), %",Социальное обеспечение,2007,10.5001597148022
"M - Доля населения, получающего пенсии (трудовые пенсии), %",Социальное обеспечение,2008,10.2644226106641
"M - Доля населения, получающего пенсии (трудовые пенсии), %",Социальное обеспечение,2009,10.2625987809624
"M - Доля населения, получающего пенсии (трудовые пенсии), %",Социальное обеспечение,2010,10.3117550775617
"M - Доля населения, получающего пенсии (трудовые пенсии), %",Социальное обеспечение,2011,10.3899421930027
"M - Доля населения, получающего пенсии (трудовые пенсии), %",Социальное обеспечение,2012,10.4038758513625
"M - Доля населения, получающего пенсии (трудовые пенсии), %",Социальное обеспечение,2013,10.8596861869645
"M - Доля населения, получающего пенсии (трудовые пенсии), %",Социальное обеспечение,2014,11.0160047979655
"M - Доля населения, получающего пенсии (трудовые пенсии), %",Социальное обеспечение,2015,11.2102923525979
"M - Доля населения, получающего пенсии (трудовые пенсии), %",Социальное обеспечение,2016,11.5059458492906
"M - Доля населения, получающего пенсии (трудовые пенсии), %",Социальное обеспечение,2017,11.8296091546905
"M - Доля населения, получающего пенсии (трудовые пенсии), %",Социальное обеспечение,2018,11.9188987216322
"M - Доля населения, получающего пенсии (трудовые пенсии), %",Социальное обеспечение,2019,12
"M - Доля населения, получающего пенсии (трудовые пенсии), %",Социальное обеспечение,2020,12.1
С - Производительность труда (темпы роста),"С - Дети, которые не посещают школу
(% от возрастной группы)",2001,105.5
С - Производительность труда (темпы роста),"С - Дети, которые не посещают школу
(% от возрастной группы)",2002,109.8
С - Производительность труда (темпы роста),"С - Дети, которые не посещают школу
(% от возрастной группы)",2003,105.3
С - Производительность труда (темпы роста),"С - Дети, которые не посещают школу
(% от возрастной группы)",2004,107
С - Производительность труда (темпы роста),"С - Дети, которые не посещают школу
(% от возрастной группы)",2005,109.1
С - Производительность труда (темпы роста),"С - Дети, которые не посещают школу
(% от возрастной группы)",2006,109.4
С - Производительность труда (темпы роста),"С - Дети, которые не посещают школу
(% от возрастной группы)",2007,107.5
С - Производительность труда (темпы роста),"С - Дети, которые не посещают школу
(% от возрастной группы)",2008,100
С - Производительность труда (темпы роста),"С - Дети, которые не посещают школу
(% от возрастной группы)",2009,100.2
С - Производительность труда (темпы роста),"С - Дети, которые не посещают школу
(% от возрастной группы)",2010,103.4
С - Производительность труда (темпы роста),"С - Дети, которые не посещают школу
(% от возрастной группы)",2011,105
С - Производительность труда (темпы роста),"С - Дети, которые не посещают школу
(% от возрастной группы)",2012,102.5
С - Производительность труда (темпы роста),"С - Дети, которые не посещают школу
(% от возрастной группы)",2013,105.1
С - Производительность труда (темпы роста),"С - Дети, которые не посещают школу
(% от возрастной группы)",2014,104.6
С - Производительность труда (темпы роста),"С - Дети, которые не посещают школу
(% от возрастной группы)",2015,100.6
С - Производительность труда (темпы роста),"С - Дети, которые не посещают школу
(% от возрастной группы)",2016,100.2
С - Производительность труда (темпы роста),"С - Дети, которые не посещают школу
(% от возрастной группы)",2017,104.3
С - Производительность труда (темпы роста),"С - Дети, которые не посещают школу
(% от возрастной группы)",2018,103.1
С - Производительность труда (темпы роста),"С - Дети, которые не посещают школу
(% от возрастной группы)",2019,103.7
С - Производительность труда (темпы роста),"С - Дети, которые не посещают школу
(% от возрастной группы)",2020,97.5
C –  Неравенство в распределении доходов : Р90/Р10,"С - Дети, которые не посещают школу
(% от возрастной группы)",2001,8.84
C –  Неравенство в распределении доходов : Р90/Р10,"С - Дети, которые не посещают школу
(% от возрастной группы)",2002,8.1
C –  Неравенство в распределении доходов : Р90/Р10,"С - Дети, которые не посещают школу
(% от возрастной группы)",2003,7.42567270385263
C –  Неравенство в распределении доходов : Р90/Р10,"С - Дети, которые не посещают школу
(% от возрастной группы)",2004,6.80461895255673
C –  Неравенство в распределении доходов : Р90/Р10,"С - Дети, которые не посещают школу
(% от возрастной группы)",2005,6.75885099174534
C –  Неравенство в распределении доходов : Р90/Р10,"С - Дети, которые не посещают школу
(% от возрастной группы)",2006,7.38304100248283
C –  Неравенство в распределении доходов : Р90/Р10,"С - Дети, которые не посещают школу
(% от возрастной группы)",2007,7.17164489316739
C –  Неравенство в распределении доходов : Р90/Р10,"С - Дети, которые не посещают школу
(% от возрастной группы)",2008,6.16694802956717
C –  Неравенство в распределении доходов : Р90/Р10,"С - Дети, которые не посещают школу
(% от возрастной группы)",2009,5.32830676487756
C –  Неравенство в распределении доходов : Р90/Р10,"С - Дети, которые не посещают школу
(% от возрастной группы)",2010,5.72151420492826
C –  Неравенство в распределении доходов : Р90/Р10,"С - Дети, которые не посещают школу
(% от возрастной группы)",2011,6.08748821859324
C –  Неравенство в распределении доходов : Р90/Р10,"С - Дети, которые не посещают школу
(% от возрастной группы)",2012,5.83679829424996
C –  Неравенство в распределении доходов : Р90/Р10,"С - Дети, которые не посещают школу
(% от возрастной группы)",2013,5.61543420853429
C –  Неравенство в распределении доходов : Р90/Р10,"С - Дети, которые не посещают школу
(% от возрастной группы)",2014,5.65773438537201
C –  Неравенство в распределении доходов : Р90/Р10,"С - Дети, которые не посещают школу
(% от возрастной группы)",2015,5.6
C –  Неравенство в распределении доходов : Р90/Р10,"С - Дети, которые не посещают школу
(% от возрастной группы)",2016,5.62625911787411
C –  Неравенство в распределении доходов : Р90/Р10,"С - Дети, которые не посещают школу
(% от возрастной группы)",2017,5.88597469867473
C –  Неравенство в распределении доходов : Р90/Р10,"С - Дети, которые не посещают школу
(% от возрастной группы)",2018,5.99
C –  Неравенство в распределении доходов : Р90/Р10,"С - Дети, которые не посещают школу
(% от возрастной группы)",2019,5.97
C –  Неравенство в распределении доходов : Р90/Р10,"С - Дети, которые не посещают школу
(% от возрастной группы)",2020,5.9
С - Темпы инфляции (ИПЦ),"С - Дети, которые не посещают школу
(% от возрастной группы)",2001,106.4
С - Темпы инфляции (ИПЦ),"С - Дети, которые не посещают школу
(% от возрастной группы)",2002,106.6
С - Темпы инфляции (ИПЦ),"С - Дети, которые не посещают школу
(% от возрастной группы)",2003,106.8
С - Темпы инфляции (ИПЦ),"С - Дети, которые не посещают школу
(% от возрастной группы)",2004,106.7
С - Темпы инфляции (ИПЦ),"С - Дети, которые не посещают школу
(% от возрастной группы)",2005,107.5
С - Темпы инфляции (ИПЦ),"С - Дети, которые не посещают школу
(% от возрастной группы)",2006,108.4
С - Темпы инфляции (ИПЦ),"С - Дети, которые не посещают школу
(% от возрастной группы)",2007,118.8
С - Темпы инфляции (ИПЦ),"С - Дети, которые не посещают школу
(% от возрастной группы)",2008,109.5
С - Темпы инфляции (ИПЦ),"С - Дети, которые не посещают школу
(% от возрастной группы)",2009,106.2
С - Темпы инфляции (ИПЦ),"С - Дети, которые не посещают школу
(% от возрастной группы)",2010,107.8
С - Темпы инфляции (ИПЦ),"С - Дети, которые не посещают школу
(% от возрастной группы)",2011,107.4
С - Темпы инфляции (ИПЦ),"С - Дети, которые не посещают школу
(% от возрастной группы)",2012,106
С - Темпы инфляции (ИПЦ),"С - Дети, которые не посещают школу
(% от возрастной группы)",2013,104.8
С - Темпы инфляции (ИПЦ),"С - Дети, которые не посещают школу
(% от возрастной группы)",2014,107.4
С - Темпы инфляции (ИПЦ),"С - Дети, которые не посещают школу
(% от возрастной группы)",2015,113.6
С - Темпы инфляции (ИПЦ),"С - Дети, которые не посещают школу
(% от возрастной группы)",2016,108.5
С - Темпы инфляции (ИПЦ),"С - Дети, которые не посещают школу
(% от возрастной группы)",2017,107.1
С - Темпы инфляции (ИПЦ),"С - Дети, которые не посещают школу
(% от возрастной группы)",2018,105.3
С - Темпы инфляции (ИПЦ),"С - Дети, которые не посещают школу
(% от возрастной группы)",2019,105.4
С - Темпы инфляции (ИПЦ),"С - Дети, которые не посещают школу
(% от возрастной группы)",2020,107.5
Доля занятых в сельском хозяйстве (%),C – Занятость по отраслям экономической деятельности,2001,34.9999238672567
Доля занятых в сельском хозяйстве (%),C – Занятость по отраслям экономической деятельности,2002,34.660246170366
Доля занятых в сельском хозяйстве (%),C – Занятость по отраслям экономической деятельности,2003,34.4565085279628
Доля занятых в сельском хозяйстве (%),C – Занятость по отраслям экономической деятельности,2004,33.0113739608216
Доля занятых в сельском хозяйстве (%),C – Занятость по отраслям экономической деятельности,2005,31.9342296154309
Доля занятых в сельском хозяйстве (%),C – Занятость по отраслям экономической деятельности,2006,31.0913738837365
Доля занятых в сельском хозяйстве (%),C – Занятость по отраслям экономической деятельности,2007,30.7839791044788
Доля занятых в сельском хозяйстве (%),C – Занятость по отраслям экономической деятельности,2008,29.7336073919462
Доля занятых в сельском хозяйстве (%),C – Занятость по отраслям экономической деятельности,2009,29.0167938529498
Доля занятых в сельском хозяйстве (%),C – Занятость по отраслям экономической деятельности,2010,28.2830334359728
Доля занятых в сельском хозяйстве (%),C – Занятость по отраслям экономической деятельности,2011,26.4532709520474
Доля занятых в сельском хозяйстве (%),C – Занятость по отраслям экономической деятельности,2012,25.5398281351973
Доля занятых в сельском хозяйстве (%),C – Занятость по отраслям экономической деятельности,2013,24.1937015730899
Доля занятых в сельском хозяйстве (%),C – Занятость по отраслям экономической деятельности,2014,18.8615046120633
Доля занятых в сельском хозяйстве (%),C – Занятость по отраслям экономической деятельности,2015,18.0128514797616
Доля занятых в сельском хозяйстве (%),C – Занятость по отраслям экономической деятельности,2016,16.2
Доля занятых в сельском хозяйстве (%),C – Занятость по отраслям экономической деятельности,2017,15.3633953873623
Доля занятых в сельском хозяйстве (%),C – Занятость по отраслям экономической деятельности,2018,14.1
Доля занятых в сельском хозяйстве (%),C – Занятость по отраслям экономической деятельности,2019,13.5
Доля занятых в сельском хозяйстве (%),C – Занятость по отраслям экономической деятельности,2020,13.5
Доля занятых в промышленности и строительстве (%),C – Занятость по отраслям экономической деятельности,2001,16.5563189729066
Доля занятых в промышленности и строительстве (%),C – Занятость по отраслям экономической деятельности,2002,16.6115138164336
Доля занятых в промышленности и строительстве (%),C – Занятость по отраслям экономической деятельности,2003,17.2887751054122
Доля занятых в промышленности и строительстве (%),C – Занятость по отраслям экономической деятельности,2004,17.5758293063464
Доля занятых в промышленности и строительстве (%),C – Занятость по отраслям экономической деятельности,2005,17.8871713622362
Доля занятых в промышленности и строительстве (%),C – Занятость по отраслям экономической деятельности,2006,18.1882095129678
Доля занятых в промышленности и строительстве (%),C – Занятость по отраслям экономической деятельности,2007,18.6692786068185
Доля занятых в промышленности и строительстве (%),C – Занятость по отраслям экономической деятельности,2008,18.6850404724329
Доля занятых в промышленности и строительстве (%),C – Занятость по отраслям экономической деятельности,2009,18.6389903646142
Доля занятых в промышленности и строительстве (%),C – Занятость по отраслям экономической деятельности,2010,18.7152960286117
Доля занятых в промышленности и строительстве (%),C – Занятость по отраслям экономической деятельности,2011,18.9642401767845
Доля занятых в промышленности и строительстве (%),C – Занятость по отраслям экономической деятельности,2012,19.3822327378187
Доля занятых в промышленности и строительстве (%),C – Занятость по отраслям экономической деятельности,2013,19.8248370484939
Доля занятых в промышленности и строительстве (%),C – Занятость по отраслям экономической деятельности,2014,20.7833327888806
Доля занятых в промышленности и строительстве (%),C – Занятость по отраслям экономической деятельности,2015,20.5616486741157
Доля занятых в промышленности и строительстве (%),C – Занятость по отраслям экономической деятельности,2016,20.6
Доля занятых в промышленности и строительстве (%),C – Занятость по отраслям экономической деятельности,2017,19.8533794330748
Доля занятых в промышленности и строительстве (%),C – Занятость по отраслям экономической деятельности,2018,19.9
Доля занятых в промышленности и строительстве (%),C – Занятость по отраслям экономической деятельности,2019,19.7
Доля занятых в промышленности и строительстве (%),C – Занятость по отраслям экономической деятельности,2020,19.7
Доля занятых в сфере услуг (%),C – Занятость по отраслям экономической деятельности,2001,48.4437571598367
Доля занятых в сфере услуг (%),C – Занятость по отраслям экономической деятельности,2002,48.7282400132003
Доля занятых в сфере услуг (%),C – Занятость по отраслям экономической деятельности,2003,48.254716366625
Доля занятых в сфере услуг (%),C – Занятость по отраслям экономической деятельности,2004,49.412796732832
Доля занятых в сфере услуг (%),C – Занятость по отраслям экономической деятельности,2005,50.1785990223329
Доля занятых в сфере услуг (%),C – Занятость по отраслям экономической деятельности,2006,50.7204166032957
Доля занятых в сфере услуг (%),C – Занятость по отраслям экономической деятельности,2007,50.5467422887027
Доля занятых в сфере услуг (%),C – Занятость по отраслям экономической деятельности,2008,51.5813521356208
Доля занятых в сфере услуг (%),C – Занятость по отраслям экономической деятельности,2009,52.344215782436
Доля занятых в сфере услуг (%),C – Занятость по отраслям экономической деятельности,2010,53.0016705354155
Доля занятых в сфере услуг (%),C – Занятость по отраслям экономической деятельности,2011,54.5824888711681
Доля занятых в сфере услуг (%),C – Занятость по отраслям экономической деятельности,2012,55.077939126984
Доля занятых в сфере услуг (%),C – Занятость по отраслям экономической деятельности,2013,55.9814613784162
Доля занятых в сфере услуг (%),C – Занятость по отраслям экономической деятельности,2014,60.3551625990561
Доля занятых в сфере услуг (%),C – Занятость по отраслям экономической деятельности,2015,61.4254998461227
Доля занятых в сфере услуг (%),C – Занятость по отраслям экономической деятельности,2016,63.2
Доля занятых в сфере услуг (%),C – Занятость по отраслям экономической деятельности,2017,64.7832251795629
Доля занятых в сфере услуг (%),C – Занятость по отраслям экономической деятельности,2018,66
Доля занятых в сфере услуг (%),C – Занятость по отраслям экономической деятельности,2019,66.8
Доля занятых в сфере услуг (%),C – Занятость по отраслям экономической деятельности,2020,66.8
"С - Доля оплаты труда в ВВП, %",C – Занятость по отраслям экономической деятельности,2001,35.9045224144159
"С - Доля оплаты труда в ВВП, %",C – Занятость по отраслям экономической деятельности,2002,32.7636691299127
"С - Доля оплаты труда в ВВП, %",C – Занятость по отраслям экономической деятельности,2003,32.9125570121765
"С - Доля оплаты труда в ВВП, %",C – Занятость по отраслям экономической деятельности,2004,33.3053998440888
"С - Доля оплаты труда в ВВП, %",C – Занятость по отраслям экономической деятельности,2005,33.0367157719617
"С - Доля оплаты труда в ВВП, %",C – Занятость по отраслям экономической деятельности,2006,31.6139668919425
"С - Доля оплаты труда в ВВП, %",C – Занятость по отраслям экономической деятельности,2007,34.5039749275358
"С - Доля оплаты труда в ВВП, %",C – Занятость по отраслям экономической деятельности,2008,32.7578008366229
"С - Доля оплаты труда в ВВП, %",C – Занятость по отраслям экономической деятельности,2009,33.8988614944795
"С - Доля оплаты труда в ВВП, %",C – Занятость по отраслям экономической деятельности,2010,34.3448880904358
"С - Доля оплаты труда в ВВП, %",C – Занятость по отраслям экономической деятельности,2011,32.6653156016665
"С - Доля оплаты труда в ВВП, %",C – Занятость по отраслям экономической деятельности,2012,32.6730454041505
"С - Доля оплаты труда в ВВП, %",C – Занятость по отраслям экономической деятельности,2013,30.7254870632594
"С - Доля оплаты труда в ВВП, %",C – Занятость по отраслям экономической деятельности,2014,31.4398279462458
"С - Доля оплаты труда в ВВП, %",C – Занятость по отраслям экономической деятельности,2015,32.1918339490017
"С - Доля оплаты труда в ВВП, %",C – Занятость по отраслям экономической деятельности,2016,30.3
"С - Доля оплаты труда в ВВП, %",C – Занятость по отраслям экономической деятельности,2017,30.5
"С - Доля оплаты труда в ВВП, %",C – Занятость по отраслям экономической деятельности,2018,30.5
"С - Доля оплаты труда в ВВП, %",C – Занятость по отраслям экономической деятельности,2019,28.8
"С - Доля оплаты труда в ВВП, %",C – Занятость по отраслям экономической деятельности,2020,31.2
